ds,yhat,yhat_lower,yhat_upper,y,Anomaly,Metric
2021-01-01,7.172399599651935,-1.25176309301369,16.27149302412682,4.33,Normal,eCPM
2021-01-02,6.796166301451755,-1.7937411254763522,16.072231908616516,2.93,Normal,eCPM
2021-01-03,6.984976876325732,-1.357790814509733,15.881137509711115,6.39,Normal,eCPM
2021-01-04,7.327787147678663,-1.3373211654598745,15.59834948935628,11.36,Normal,eCPM
2021-01-05,7.085311197361026,-2.1567602414585068,15.90247282259496,3.94,Normal,eCPM
2021-01-06,7.608565991005225,-1.8021510617026681,15.702378023327567,6.46,Normal,eCPM
2021-01-07,6.572938805877738,-3.1375847824551215,15.292148991078301,3.95,Normal,eCPM
2021-01-08,6.304924910499997,-2.266472770658029,15.456624132822427,7.8,Normal,eCPM
2021-01-09,6.145021235156618,-2.844649706804194,15.116397942984296,3.27,Normal,eCPM
2021-01-10,6.55634085610646,-2.1277286313081003,15.706241464025126,4.57,Normal,eCPM
2021-01-11,7.122652320747429,-1.4048508906462853,16.41094887401245,4.92,Normal,eCPM
2021-01-12,7.099441734242578,-1.3754266122159537,16.21748541303666,4.84,Normal,eCPM
2021-01-13,7.832593478324995,-0.5014085565413283,16.676943985752693,4.59,Normal,eCPM
2021-01-14,6.992591738986329,-2.2504638275023274,16.04609810256086,4.61,Normal,eCPM
2021-01-15,6.901386512864891,-2.3425589011382852,15.648148792845847,4.77,Normal,eCPM
2021-01-16,6.89540620034394,-1.520754931137916,15.590619321110562,6.15,Normal,eCPM
2021-01-17,7.434278232234479,-1.189967070019448,16.16768496438434,4.39,Normal,eCPM
2021-01-18,8.098958736407283,-0.5263751853988993,16.834317026958324,5.56,Normal,eCPM
2021-01-19,8.142866588911556,-0.41750603072113107,17.460437506079415,7.57,Normal,eCPM
2021-01-20,8.910615666275513,0.7127917274322588,17.719396984730064,3.97,Normal,eCPM
2021-01-21,8.072246005784894,-0.292098107541089,17.203507472935282,8.8,Normal,eCPM
2021-01-22,7.950096702569091,-1.3720543212240424,17.23346797134189,2.89,Normal,eCPM
2021-01-23,7.88180246619211,-0.5423025399353822,17.065380019557963,4.24,Normal,eCPM
2021-01-24,8.328975761196256,-0.762765268501233,16.424154368708024,5.87,Normal,eCPM
2021-01-25,8.875276665984481,-0.1363402145816932,17.542820728371414,7.82,Normal,eCPM
2021-01-26,8.777467541700322,0.15434591393090025,17.247505481168947,10.08,Normal,eCPM
2021-01-27,9.384048643579662,0.8393739056267431,17.850042841571685,10.51,Normal,eCPM
2021-01-28,8.369378199137351,-0.9581681814282221,16.70394377025638,6.12,Normal,eCPM
2021-01-29,8.060423019130658,-0.923223304284978,17.283445127076742,5.42,Normal,eCPM
2021-01-30,7.799625125580182,-1.409222514681886,16.89150771854511,3.48,Normal,eCPM
2021-01-31,8.05345010276029,-0.406120821879205,16.89994287566809,4.28,Normal,eCPM
2021-02-01,8.410323197179888,-0.9507964352245951,17.11851782872247,16.52,Normal,eCPM
2021-02-02,8.131554129873987,-0.2747143320613543,16.630014717524368,20.13,Positive,eCPM
2021-02-03,8.569850535370598,-0.3801494103434911,17.460180491888135,7.6,Normal,eCPM
2021-02-04,7.403327056074145,-0.9986808552974609,17.232496041651174,13.02,Normal,eCPM
2021-02-05,6.962159355676312,-2.1644311519677784,15.504214014757991,9.9,Normal,eCPM
2021-02-06,6.591371286023404,-2.5451463159526817,15.009938558137186,13.01,Normal,eCPM
2021-02-07,6.759323148738089,-2.06169593918856,15.350748771145462,3.87,Normal,eCPM
2021-02-08,7.055608726940028,-1.6507326877841446,16.038976378806026,9.64,Normal,eCPM
2021-02-09,6.7419630786169495,-2.1654034515225025,15.342998707227972,11.29,Normal,eCPM
2021-02-10,7.170781337494917,-1.0369764048802381,16.42450797902541,4.29,Normal,eCPM
2021-02-11,6.019155249212973,-2.7059735186756844,14.973533781623647,8.07,Normal,eCPM
2021-02-12,5.615575707033656,-2.950175346449895,13.915440222436827,8.96,Normal,eCPM
2021-02-13,5.302787898571988,-3.164344305460271,14.002687835998483,3.77,Normal,eCPM
2021-02-14,5.546364792085546,-2.8485025272180624,14.495168143363802,4.87,Normal,eCPM
2021-02-15,5.932703903838967,-2.5770674522612618,14.518531297563884,2.44,Normal,eCPM
2021-02-16,5.720046166122301,-2.801381530504674,14.167197066949127,4.11,Normal,eCPM
2021-02-17,6.257113627533432,-2.5400472794449422,14.701759494538964,4.11,Normal,eCPM
2021-02-18,5.217268963916444,-3.1820364903948395,14.107750454804252,7.14,Normal,eCPM
2021-02-19,4.9253411937436855,-3.839423905097578,13.012935642444043,5.85,Normal,eCPM
2021-02-20,4.72060033645223,-3.882887162255254,14.129824812920042,2.12,Normal,eCPM
2021-02-21,5.065442985392732,-3.902995780856349,13.850206402328189,13.07,Normal,eCPM
2021-02-22,5.54349021208217,-3.2703249283540226,13.885297285219718,12.2,Normal,eCPM
2021-02-23,5.410693437507827,-3.5754366937824233,14.246919761743209,2.11,Normal,eCPM
2021-02-24,6.014042258242362,-3.010489098245014,15.009361366730598,14.47,Normal,eCPM
2021-02-25,5.025774988224813,-3.45332752369503,14.413845302968463,4.86,Normal,eCPM
2021-02-26,4.770234688871333,-4.128423985462067,13.072081311525398,8.91,Normal,eCPM
2021-02-27,4.586852453810201,-4.141503922745696,13.70820415965922,1.16,Normal,eCPM
2021-02-28,4.938819629437695,-3.6589568076071495,13.283290361987925,9.76,Normal,eCPM
2021-03-01,5.411150791269617,-3.4282194437594153,14.456141890839039,4.92,Normal,eCPM
2021-03-02,5.261734199694558,-3.281976410126855,14.118795845947298,2.84,Normal,eCPM
2021-03-03,5.839965470697378,-2.657231328658106,13.974696865463082,4.69,Normal,eCPM
2021-03-04,4.820867541667212,-4.006262016613974,13.000917912150456,1.45,Normal,eCPM
2021-03-05,4.5318426397381595,-3.8611919461274544,12.70155221110188,2.49,Normal,eCPM
2021-03-06,4.315541294319176,-4.303552498522336,12.95356126171523,4.21,Normal,eCPM
2021-03-07,4.638413779034778,-3.9975378074821957,13.838774596109335,2.67,Normal,eCPM
2021-03-08,5.08864971041107,-3.6006690181556493,14.006590808223605,7.36,Normal,eCPM
2021-03-09,4.927106555555802,-3.972067688009988,13.45187311657526,1.11,Normal,eCPM
2021-03-10,5.505826798524124,-2.701371669940977,14.226927309974748,2.23,Normal,eCPM
2021-03-11,4.502050757947698,-4.813528937404851,12.967257380848833,7.17,Normal,eCPM
2021-03-12,4.244874338403954,-3.6552177282871474,13.16500209984102,5.33,Normal,eCPM
2021-03-13,4.07804006813648,-5.304592121281346,12.742759952473058,4.73,Normal,eCPM
2021-03-14,4.468429561369457,-3.918996589519626,13.293156382418395,4.13,Normal,eCPM
2021-03-15,5.003965349602092,-3.8136014812544086,14.548826943291294,6.9,Normal,eCPM
2021-03-16,4.944524402294741,-3.607356434421197,13.161141822712398,8.86,Normal,eCPM
2021-03-17,5.6404639555994045,-3.3347320414652826,14.817633397530482,2.18,Normal,eCPM
2021-03-18,4.766666776323217,-3.7686290640275977,13.748992618552276,8.87,Normal,eCPM
2021-03-19,4.649254530747895,-4.066532640589409,13.232742646950879,2.17,Normal,eCPM
2021-03-20,4.62845626034937,-4.077377325695336,13.244804278357757,2.03,Normal,eCPM
2021-03-21,5.167198046765914,-3.7954992113378885,14.146010134615617,7.07,Normal,eCPM
2021-03-22,5.849119103166707,-3.0663068700262905,14.911219652385313,4.37,Normal,eCPM
2021-03-23,5.929613328678117,-2.932857394963551,14.913556311487007,8.82,Normal,eCPM
2021-03-24,6.754493177189044,-2.3039658627227526,15.3484059959747,3.42,Normal,eCPM
2021-03-25,5.9941788256981825,-2.7963853867667794,14.645089247037287,2.72,Normal,eCPM
2021-03-26,5.970556916710759,-2.6748433620507135,15.160779576766746,8.31,Normal,eCPM
2021-03-27,6.019991359181544,-3.1218485976887904,14.91846137718618,6.23,Normal,eCPM
2021-03-28,6.602047766574534,-2.0216582116149726,14.93438185715851,6.64,Normal,eCPM
2021-03-29,7.297632416448012,-1.3514786218904749,15.601903818349829,4.08,Normal,eCPM
2021-03-30,7.360140701364575,-1.312347029632154,16.26318568471454,3.51,Normal,eCPM
2021-03-31,8.134208269084795,-0.8836449732039543,16.841265942280298,4.51,Normal,eCPM
2021-04-01,7.289964714638906,-1.458283621412988,15.620593956713957,8.09,Normal,eCPM
2021-04-02,7.1499316110118585,-2.1505055177359425,15.873631235748526,8.68,Normal,eCPM
2021-04-03,7.052045584726913,-1.5001345471512073,15.517499158259897,4.27,Normal,eCPM
2021-04-04,7.458367042768284,-1.03901399075035,15.905355052034475,24.24,Positive,eCPM
2021-04-05,7.953175258483056,0.012847496259498143,15.999681057878236,12.64,Normal,eCPM
2021-04-06,7.7940454761869145,-0.9639789332247765,16.149022865363257,12.91,Normal,eCPM
2021-04-07,8.330502750844435,0.35502721822544064,16.864849726945867,7.56,Normal,eCPM
2021-04-08,7.238154710977437,-1.9412740882179627,15.915362113350954,18.08,Positive,eCPM
2021-04-09,6.845448105850638,-1.6532613927498765,15.587743480733291,16.84,Positive,eCPM
2021-04-10,6.496533597657993,-2.2839088830345697,15.862244690512714,26.42,Positive,eCPM
2021-04-11,6.659803708139405,-2.2303753197536773,15.845262035439646,16.32,Positive,eCPM
2021-04-12,6.925809413929782,-1.085963986816063,15.483362558281634,4.42,Normal,eCPM
2021-04-13,6.558156134287304,-2.340282250226459,15.841640181789792,10.01,Normal,eCPM
2021-04-14,6.911979096210276,-2.408206074322858,15.553286963479078,5.92,Normal,eCPM
2021-04-15,5.667905556226952,-2.765271267169184,14.435896154292406,6.87,Normal,eCPM
2021-04-16,5.158653900301753,-3.2698269500823502,13.669990233743125,5.25,Normal,eCPM
2021-04-17,4.731758959401417,-3.895636719821661,13.071009519180327,7.64,Normal,eCPM
2021-04-18,4.857992896262789,-3.7625589832846753,13.288043904048095,3.83,Normal,eCPM
2021-04-19,5.129191036773145,-3.74332573587619,14.129103912980417,3.92,Normal,eCPM
2021-04-20,4.809086579405013,-3.954494701852627,13.244627545950475,4.44,Normal,eCPM
2021-04-21,5.251756564648129,-3.6958998189419656,13.904797296527082,6.46,Normal,eCPM
2021-04-22,4.1355881052226104,-4.7392466121731855,13.460467765950442,4.86,Normal,eCPM
2021-04-23,3.789915486414688,-5.134869654623645,12.116159301591093,4.14,Normal,eCPM
2021-04-24,3.5578170961503344,-6.00044526862388,12.80724817513093,2.35,Normal,eCPM
2021-04-25,3.9046401917692526,-4.533949082526083,12.480616178974106,1.95,Normal,eCPM
2021-04-26,4.415960580382155,-4.2438122761173265,13.410885933452315,4.57,Normal,eCPM
2021-04-27,4.348577952495861,-4.23588424667604,13.198523617003756,5.36,Normal,eCPM
2021-04-28,5.049145236246108,-3.6476572333665884,13.933451144261973,3.53,Normal,eCPM
2021-04-29,4.188336238981752,-4.467715963986365,12.820849562607709,2.91,Normal,eCPM
2021-04-30,4.0876968551680015,-5.1372458361293285,13.07335188675003,4.18,Normal,eCPM
2021-05-01,4.082663005031478,-4.351493834904603,12.792372676852189,6.03,Normal,eCPM
2021-05-02,4.631307278123742,-4.488727196218892,13.896582538340853,5.78,Normal,eCPM
2021-05-03,5.31251504343498,-3.9068182019960602,13.799359153831627,5.46,Normal,eCPM
2021-05-04,5.3771846943128265,-3.433307911954941,14.012689137944081,4.77,Normal,eCPM
2021-05-05,6.16704438854334,-3.1714010553588423,15.239523401227203,8.48,Normal,eCPM
2021-05-06,5.348983990255377,-2.988456472288888,14.074249340584085,12.62,Normal,eCPM
2021-05-07,5.242042470102428,-3.732601326566452,13.82648419960548,3.17,Normal,eCPM
2021-05-08,5.180529611814131,-3.3453848308953043,14.046473393186602,10.47,Normal,eCPM
2021-05-09,5.622840448992612,-2.8630840135060485,14.685549890985826,3.8,Normal,eCPM
2021-05-10,6.1496607307793445,-2.0748395656308807,14.284274255124181,7.54,Normal,eCPM
2021-05-11,6.015156439602329,-3.132991273751309,14.497622583095342,7.16,Normal,eCPM
2021-05-12,6.56573930507053,-1.1558860905109767,15.356687473903369,4.78,Normal,eCPM
2021-05-13,5.47430764835242,-3.5279139147834186,13.994797612305023,7.28,Normal,eCPM
2021-05-14,5.067104553405383,-3.2583890584005997,13.703659739984202,4.92,Normal,eCPM
2021-05-15,4.686675021932334,-4.5139452694941395,13.19278228334364,28.7,Positive,eCPM
2021-05-16,4.800484350480321,-4.255306590370575,13.080693207724714,5.64,Normal,eCPM
2021-05-17,4.998900756931897,-3.857991788724995,13.744058241693715,10.37,Normal,eCPM
2021-05-18,4.546140804761717,-3.91298933367343,13.75181310181653,6.39,Normal,eCPM
2021-05-19,4.798775749636659,-4.306663919789811,13.019985166175244,2.88,Normal,eCPM
2021-05-20,3.439704818485007,-4.95081981746191,12.341879364879576,5.57,Normal,eCPM
2021-05-21,2.804744412749976,-6.063605631275789,12.210682859688548,8.97,Normal,eCPM
2021-05-22,2.2453220216412717,-6.339655527575976,10.342677796662542,4.52,Normal,eCPM
2021-05-23,2.2368441549336184,-6.6376598489752725,10.884460932226144,1.91,Normal,eCPM
2021-05-24,2.3764481441854297,-6.7983364698512565,10.738030783196843,3.94,Normal,eCPM
2021-05-25,1.9337427463002257,-6.584021925691048,11.076734596732894,5.8,Normal,eCPM
2021-05-26,2.269141447102638,-6.573225506646398,11.172080486828891,4.42,Normal,eCPM
2021-05-27,1.0676994744882888,-7.638925668219885,9.430729509091513,2.78,Normal,eCPM
2021-05-28,0.6656075969714927,-8.203358561635882,9.216878441725035,13.59,Positive,eCPM
2021-05-29,0.4128345443187569,-7.634230484276001,8.653697053951038,4.17,Normal,eCPM
2021-05-30,0.7814892866454333,-7.9944250323066575,9.638119056909334,2.84,Normal,eCPM
2021-05-31,1.3636137794107284,-6.985929873148572,10.126368502128337,3.96,Normal,eCPM
2021-06-01,1.4220105481110927,-7.04283242081117,10.025576706678374,8.1,Normal,eCPM
2021-06-02,2.3087074972442556,-6.3885491278473765,11.826949742455419,9.94,Normal,eCPM
2021-06-03,1.6989679171748513,-6.9015825277267195,10.262730750104115,6.0,Normal,eCPM
2021-06-04,1.9179948787091332,-7.081264897022504,10.893584087633752,8.24,Normal,eCPM
2021-06-05,2.3038168498294507,-6.476113908380801,10.037752370274552,9.66,Normal,eCPM
2021-06-06,3.315919898907198,-5.340184992678853,12.215970159912056,3.82,Normal,eCPM
2021-06-07,4.533330464572755,-4.455987034431489,13.138643246401914,6.72,Normal,eCPM
2021-06-08,5.205745974680671,-2.9670425387116386,13.798088381249897,5.29,Normal,eCPM
2021-06-09,6.672307965957957,-2.053522799790921,15.973218838186272,8.54,Normal,eCPM
2021-06-10,6.595918105480674,-1.8243110366899276,15.999303891671074,9.23,Normal,eCPM
2021-06-11,7.290238488999526,-1.7700542048371233,16.09872684073382,14.15,Normal,eCPM
2021-06-12,8.082855559302677,-0.30651674701394976,16.48344933096046,5.77,Normal,eCPM
2021-06-13,9.424165917605949,0.8623890488896894,18.137237870896648,7.33,Normal,eCPM
2021-06-14,10.885681521210463,2.145331657902888,19.12788325493512,5.16,Normal,eCPM
2021-06-15,11.711345838312702,3.0340053218298393,20.84673663350862,9.63,Normal,eCPM
2021-06-16,13.236450826995403,4.6652694279802045,22.661928822660034,6.09,Normal,eCPM
2021-06-17,13.122051408424085,3.69919094992645,21.22503167872979,11.2,Normal,eCPM
2021-06-18,13.682016230877679,5.377748518137421,22.300948756685884,10.47,Normal,eCPM
2021-06-19,14.246192710834107,4.946699793719229,22.629623550528237,10.27,Normal,eCPM
2021-06-20,15.269244524733324,6.55737928707689,23.7725865901841,7.77,Normal,eCPM
2021-06-21,16.328860206370198,7.500042252511172,25.024094264228737,7.07,Negative,eCPM
2021-06-22,16.676926813041067,8.103838444918729,25.455295117968777,6.84,Negative,eCPM
2021-06-23,17.65826208776869,9.235492574067102,27.278611110340368,6.1,Negative,eCPM
2021-06-24,16.94480642238822,7.961983896060254,24.924234785820914,5.43,Negative,eCPM
2021-06-25,16.86241900564015,7.657815622604755,25.582686867659284,7.45,Negative,eCPM
2021-06-26,16.753762535949427,8.120129146054373,25.297549182135747,5.44,Negative,eCPM
2021-06-27,17.086841704386526,8.566795468111067,26.228348690549943,5.99,Negative,eCPM
2021-06-28,17.452901588667537,8.572467921727236,26.42591421280161,10.59,Normal,eCPM
2021-06-29,17.11728766597827,8.585400203660228,25.976466628097686,2.53,Negative,eCPM
2021-06-30,17.437868675357915,9.22478490486658,26.13762224495065,7.84,Negative,eCPM
2021-07-01,16.098931278348115,7.327692273044898,24.80181107495607,3.65,Negative,eCPM
2021-07-02,15.437698236521312,7.171878687580721,24.329307973962404,19.96,Normal,eCPM
2021-07-03,14.806961241841325,6.482128049574528,23.1252755187214,9.2,Normal,eCPM
2021-07-04,14.683399691207558,5.663587281902728,23.804120513471272,12.46,Normal,eCPM
2021-07-05,14.665296758990973,6.356599671781159,23.885903069100202,12.19,Normal,eCPM
2021-07-06,14.02325870152972,5.671351759687929,23.3119345376583,8.54,Normal,eCPM
2021-07-07,14.118541755791705,5.093331897476586,22.275655047692016,8.58,Normal,eCPM
2021-07-08,12.636897559699182,4.017136011878441,22.025169898118687,9.1,Normal,eCPM
2021-07-09,11.915089548004495,3.0794726616702977,20.767756660992564,6.54,Normal,eCPM
2021-07-10,11.303571021842897,2.1930456087819707,20.630328601581958,12.68,Normal,eCPM
2021-07-11,11.274894513463929,2.5141669431016163,20.726712844495903,10.5,Normal,eCPM
2021-07-12,11.421561000001986,2.602055175986627,20.358598802093013,2.21,Negative,eCPM
2021-07-13,11.00691103755548,2.222472914553059,20.15351650562694,2.24,Normal,eCPM
2021-07-14,11.383657365092823,2.5905198519682924,19.69071776933262,4.4,Normal,eCPM
2021-07-15,10.227964278187084,0.8831552553839237,18.678982423584436,3.19,Normal,eCPM
2021-07-16,9.866219939206518,0.5912687824696309,18.53483604768406,4.43,Normal,eCPM
2021-07-17,9.637985546769238,2.0075444925024595,18.38435565998863,7.22,Normal,eCPM
2021-07-18,10.004683904687635,0.8040794038181643,18.597005472881076,19.5,Positive,eCPM
2021-07-19,10.547728746756828,2.4955018872406907,19.520007464509398,10.67,Normal,eCPM
2021-07-20,10.519689764171392,1.380171497659218,19.21766487845048,14.06,Normal,eCPM
2021-07-21,11.263086020187306,2.597927219338145,19.775266966015828,11.47,Normal,eCPM
2021-07-22,10.444706623695872,2.192961408913259,19.070937100672037,9.25,Normal,eCPM
2021-07-23,10.382598999805444,0.7344985504654633,18.93154814203467,10.23,Normal,eCPM
2021-07-24,10.409203597131004,2.064168008077527,18.958660636458788,14.99,Normal,eCPM
2021-07-25,10.980193358024767,1.6376726380089837,19.595004371325636,4.49,Normal,eCPM
2021-07-26,11.67271606215326,2.948573971197291,19.597082238461574,42.6,Positive,eCPM
2021-07-27,11.7366322840535,3.7197851260170145,19.881040948940573,22.63,Positive,eCPM
2021-07-28,12.513340525995872,3.738675357861251,21.050137718780128,8.47,Normal,eCPM
2021-07-29,11.670088370398101,3.0627275593066763,20.45013990412219,5.29,Normal,eCPM
2021-07-30,11.526911046710943,1.8981967328097042,20.527105043252572,11.52,Normal,eCPM
2021-07-31,11.4196783170241,2.3415591883509075,19.716243465595355,7.31,Normal,eCPM
2021-08-01,11.808811099895495,3.1636922579874014,20.901975774017842,7.32,Normal,eCPM
2021-08-02,12.277369811957126,4.0187002104924945,21.256842277760676,13.41,Normal,eCPM
2021-08-03,12.08211184933953,3.6341882619203263,20.96148538860022,22.36,Positive,eCPM
2021-08-04,12.572115032944923,3.7645623081290425,21.633195127670223,7.32,Normal,eCPM
2021-08-05,11.42287158520291,2.5688210909265314,20.591395204095775,11.37,Normal,eCPM
2021-08-06,10.963000046641064,2.010392145679602,19.909852227310886,13.46,Normal,eCPM
2021-08-07,10.537062203858603,2.136947615710277,19.142026573805158,24.93,Positive,eCPM
2021-08-08,10.614052508804757,1.8895290507131919,19.252991676198704,29.41,Positive,eCPM
2021-08-09,10.785267913819219,2.2893895327304166,19.897417515750913,4.35,Normal,eCPM
2021-08-10,10.315161063169565,1.8363375191855593,19.743443691784073,4.94,Normal,eCPM
2021-08-11,10.559778708168338,1.509285983226335,19.018173809648648,14.52,Normal,eCPM
2021-08-12,9.20069432326427,-0.11442406697148055,17.902443128768045,20.73,Positive,eCPM
2021-08-13,8.571586005583258,-0.16358156064858945,17.33540157655485,7.87,Normal,eCPM
2021-08-14,8.02094958344174,-1.0460484625490556,16.830425413525745,2.39,Normal,eCPM
2021-08-15,8.020516387061226,-0.8361513781042162,16.042180082020803,6.81,Normal,eCPM
2021-08-16,8.163084663815399,-0.7972324141193086,16.701860518039272,6.79,Normal,eCPM
2021-08-17,7.7133677122972415,-0.9472131267812154,16.50638911974755,9.09,Normal,eCPM
2021-08-18,8.026459828509484,-0.6490793964045254,17.348157756239466,7.91,Normal,eCPM
2021-08-19,6.781827402351198,-1.9317841916175886,14.988065194031888,14.3,Normal,eCPM
2021-08-20,6.309973807364177,-2.5664069222916033,14.91218465900208,7.63,Normal,eCPM
2021-08-21,5.9552648555591325,-2.760716910194735,14.722297177699637,5.96,Normal,eCPM
2021-08-22,6.1844805072246904,-2.1616245199904434,16.05618002740274,3.48,Normal,eCPM
2021-08-23,6.584797564040718,-2.0504854725319257,15.317770358062303,8.0,Normal,eCPM
2021-08-24,6.414801806011452,-2.13927979243486,15.301264267283397,3.78,Normal,eCPM
2021-08-25,7.023125829453853,-2.0549226787760566,15.838700583495438,5.72,Normal,eCPM
2021-08-26,6.082615007276251,-2.579475698895639,14.825304896199025,3.1,Normal,eCPM
2021-08-27,5.917165356722393,-3.0223384537456672,15.001430283422845,1.99,Normal,eCPM
2021-08-28,5.8647154234556425,-2.9251778904242443,15.148337801216993,5.17,Normal,eCPM
2021-08-29,6.385953544888955,-3.1827140260868028,15.34014133028538,3.66,Normal,eCPM
2021-08-30,7.06244124285493,-2.055953574004524,15.355022169235239,6.22,Normal,eCPM
2021-08-31,7.147747982759954,-1.9495844036398853,15.782338699969163,2.19,Normal,eCPM
2021-09-01,7.986190658547842,-0.6325265104119047,16.296131848960663,7.11,Normal,eCPM
2021-09-02,7.24707822561025,-1.514858981594636,15.433622350350323,8.42,Normal,eCPM
2021-09-03,7.25160390067802,-1.540579631935354,16.190874726234608,5.32,Normal,eCPM
2021-09-04,7.335866425705344,-1.7095183741231312,16.369613639460127,11.49,Normal,eCPM
2021-09-05,7.9595818687195585,-1.3917598146842973,17.007568320543825,13.3,Normal,eCPM
2021-09-06,8.70418762167851,-0.10283310581273535,17.264310928287074,6.7,Normal,eCPM
2021-09-07,8.823935190527777,0.15131102568815866,18.254836411932423,3.64,Normal,eCPM
2021-09-08,9.66456739117491,1.012850642081459,17.49481796558403,18.05,Positive,eCPM
2021-09-09,8.897482933105527,-0.1476347355181042,17.07796755524872,7.15,Normal,eCPM
2021-09-10,8.846533888057644,-0.6919368052477141,17.44383286572218,6.89,Normal,eCPM
2021-09-11,8.850940931997709,0.1471599257169133,17.75862740947473,6.88,Normal,eCPM
2021-09-12,9.373891441001506,0.4597581882767019,18.37615803329865,17.11,Normal,eCPM
2021-09-13,10.000525810427181,0.7432852297144782,18.576815636813404,14.67,Normal,eCPM
2021-09-14,9.988912288701592,0.3811561792565654,18.167984519661598,16.22,Normal,eCPM
2021-09-15,10.68860951063811,1.3872824968368316,19.543412079890103,11.74,Normal,eCPM
2021-09-16,9.77472305313819,0.693901846361961,18.266821089655473,7.91,Normal,eCPM
2021-09-17,9.5746045263639,1.0712464596717701,18.60841076457236,4.85,Normal,eCPM
2021-09-18,9.430680695328885,0.4707111132935675,17.542156038490077,6.33,Normal,eCPM
2021-09-19,9.80897984204188,1.320036591298213,18.533199216599016,14.05,Normal,eCPM
2021-09-20,10.297062337368338,2.136005640510794,19.873486106379705,15.34,Normal,eCPM
2021-09-21,10.154956749701931,1.835489634710552,19.022246460270157,14.4,Normal,eCPM
2021-09-22,10.733701130813934,1.3136715116075128,19.605915914783758,17.0,Normal,eCPM
2021-09-23,9.709395679264023,1.3440633189392517,18.103958450617128,20.95,Positive,eCPM
2021-09-24,9.409914614611326,1.065615365212322,18.59682811297182,14.98,Normal,eCPM
2021-09-25,9.177763557423177,0.8331526953773234,16.97057751799221,6.93,Normal,eCPM
2021-09-26,9.478647958587434,0.9248777236306179,18.19554553797412,16.71,Normal,eCPM
2021-09-27,9.899457480169247,0.9612358327097107,19.012344960546038,4.42,Normal,eCPM
2021-09-28,9.699265269602126,0.9585201482567831,18.22690226473836,6.17,Normal,eCPM
2021-09-29,10.227939125234162,1.1876940174382562,18.470981623314014,10.93,Normal,eCPM
2021-09-30,9.1602680216277,0.3633957098892664,17.97392538216148,3.92,Normal,eCPM
2021-10-01,8.822748976374077,0.7677170931860482,17.44957562564841,6.47,Normal,eCPM
2021-10-02,8.556517801891529,0.007484041444616259,17.190201991024235,8.46,Normal,eCPM
2021-10-03,8.825986650440125,0.8797306466143251,17.185892607877655,2.59,Normal,eCPM
2021-10-04,9.216890845712268,1.0740803701477717,17.41983961113395,4.89,Normal,eCPM
2021-10-05,8.987341828872335,0.7783124965155948,17.38349120200043,10.11,Normal,eCPM
2021-10-06,9.486481488578441,0.5952909063567517,18.397217420850062,5.42,Normal,eCPM
2021-10-07,8.388639976748816,-0.5575251783119114,17.79584327933072,7.81,Normal,eCPM
2021-10-08,8.020141149274822,-0.5739279652511157,17.16031731465099,2.57,Normal,eCPM
2021-10-09,7.722238753564017,-0.22092811843905652,16.29488837260074,3.15,Normal,eCPM
2021-10-10,7.959746350871605,-0.6943380683534275,16.713221744807143,4.3,Normal,eCPM
2021-10-11,8.319064012201427,-0.02880472504040226,16.302859432379176,10.84,Normal,eCPM
2021-10-12,8.059199604698945,-0.6191653305686009,16.90268871413834,15.08,Normal,eCPM
2021-10-13,8.53038132972895,-0.39369704634844344,17.246108759140803,7.0,Normal,eCPM
2021-10-14,7.4081653555631135,-1.4219616336432055,16.42288372024408,7.43,Normal,eCPM
2021-10-15,7.020184709668739,-1.9341923166624047,16.167858962884512,6.5,Normal,eCPM
2021-10-16,6.709024789616921,-1.8777597288293437,16.120388743266844,8.54,Normal,eCPM
2021-10-17,6.940790848831487,-1.6788295770232016,16.0504830712077,6.8,Normal,eCPM
2021-10-18,7.30307291225856,-1.0460037812815959,15.946241411317043,9.5,Normal,eCPM
2021-10-19,7.055908318230174,-2.1009443102993473,15.317047433843326,6.0,Normal,eCPM
2021-10-20,7.550340807759961,-1.3979153444630146,16.63002970827122,6.99,Normal,eCPM
2021-10-21,6.462482066865954,-2.3277303257846382,14.954179164731327,5.53,Normal,eCPM
2021-10-22,6.1202236811949735,-2.816921442240219,14.552074464206857,11.86,Normal,eCPM
2021-10-23,5.866086326377806,-2.760481432735222,14.74602573998757,4.66,Normal,eCPM
2021-10-24,6.165772634861744,-2.2478881245650273,14.237909121495782,3.69,Normal,eCPM
2021-10-25,6.60612986172915,-2.3391828856219408,14.62331182860464,3.26,Normal,eCPM
2021-10-26,6.446122773225229,-2.05747879495511,15.081842031611115,6.27,Normal,eCPM
2021-10-27,7.035417365281984,-2.65828324625494,16.031678383781138,2.22,Normal,eCPM
2021-10-28,6.048471123968367,-3.3677583849938344,14.374164440474141,4.33,Normal,eCPM
2021-10-29,5.811295771272434,-2.667977402014502,14.230159855635295,5.33,Normal,eCPM
2021-10-30,5.664358792030791,-3.5099258151340713,13.763307841710581,5.3,Normal,eCPM
2021-10-31,6.071197917807003,-2.291323380474571,14.692431014406168,4.28,Normal,eCPM
2021-11-01,6.6164507128022265,-1.775351260769028,15.722581800713208,3.0,Normal,eCPM
2021-11-02,6.556897410551389,-2.2930425743561327,15.178176979162789,2.96,Normal,eCPM
2021-11-03,7.24011329928171,-1.7176119650845794,15.7204385086015,3.3,Normal,eCPM
2021-11-04,6.338633450738463,-2.614972363398166,14.45164401135838,5.57,Normal,eCPM
2021-11-05,6.176774258262766,-2.686955402481363,14.484639483503434,5.23,Normal,eCPM
2021-11-06,6.093594849500892,-2.3731678675188723,14.659633075177354,6.64,Normal,eCPM
2021-11-07,6.551560919129422,-1.4148118751896472,15.1297478687468,13.08,Normal,eCPM
2021-11-08,7.134613204327858,-1.8345354722874696,16.20843636957917,4.83,Normal,eCPM
2021-11-09,7.099237255623327,-1.7693379423695332,15.833205122973968,5.04,Normal,eCPM
2021-11-10,7.793129691248886,-0.6544609939787862,16.73501181846894,3.18,Normal,eCPM
2021-11-11,6.889363047034197,-1.6409124966008368,15.91891632666677,5.38,Normal,eCPM
2021-11-12,6.713193458787053,-1.9388299082466776,15.704859938394327,4.39,Normal,eCPM
2021-11-13,6.604994479998701,-2.4377716570446575,15.520812515737907,3.85,Normal,eCPM
2021-11-14,7.028880281128018,-2.1731702002174407,15.329888768813992,6.49,Normal,eCPM
2021-11-15,7.57072159914474,-1.7656600471186101,16.743627092437496,7.19,Normal,eCPM
2021-11-16,7.489152648311919,-1.126668836498774,16.640424092669935,3.87,Normal,eCPM
2021-11-17,8.134166104552506,-0.28503757263315926,16.601000319187015,9.0,Normal,eCPM
2021-11-18,7.181200506353672,-1.642204894073079,15.962616278424369,7.43,Normal,eCPM
2021-11-19,6.957866777716396,-2.2416314006505287,15.520002231450425,3.91,Normal,eCPM
2021-11-20,6.806799804219778,-2.5943595257899132,15.566691432933133,2.51,Normal,eCPM
2021-11-21,7.1942010127417415,-1.7685409191850014,15.519174486002667,3.97,Normal,eCPM
2021-11-22,7.707778016963017,-0.8809953745107476,16.261286522049726,3.16,Normal,eCPM
2021-11-23,7.6076821347520935,-1.1265756929353454,15.90140973556842,1.46,Normal,eCPM
2021-11-24,8.245043301258306,-0.6429797620453125,16.896372045646057,6.21,Normal,eCPM
2021-11-25,7.296008868534672,-1.4837680135470466,16.220588297349845,2.95,Normal,eCPM
2021-11-26,7.088925994701768,-1.7803266532020958,16.132272491453065,2.61,Normal,eCPM
2021-11-27,6.965699035251836,-2.3777042584324652,15.344851142748022,6.55,Normal,eCPM
2021-11-28,7.3918007113453985,-1.0370068054833124,16.04372372778268,4.2,Normal,eCPM
2021-11-29,7.953731731568148,-0.798660229227707,16.59280256821148,6.18,Normal,eCPM
2021-11-30,7.909985571511223,-1.479525923042047,16.236611939956646,3.18,Normal,eCPM
2021-12-01,8.609626201866208,0.2983377053771757,17.945099963785072,9.07,Normal,eCPM
2021-12-02,7.726384204155794,-0.9655167534604324,16.68429023414596,4.76,Normal,eCPM
2021-12-03,7.5854182611454055,-1.4492331720722889,17.141032316453842,7.57,Normal,eCPM
2021-12-04,7.526227398489157,-1.1342487429290957,16.276414128589884,5.83,Normal,eCPM
2021-12-05,8.011278542814274,-1.2658979139462827,16.427977460532773,5.36,Normal,eCPM
2021-12-06,8.62405327315765,0.27421780377086974,17.510149201479813,3.78,Normal,eCPM
2021-12-07,8.620111643941879,0.5754407731287579,17.494665946908405,6.1,Normal,eCPM
2021-12-08,9.345769013530457,0.8484934957665052,17.789767896835706,1.33,Normal,eCPM
2021-12-09,8.47228822003772,-0.14170873474853296,16.605339993574628,5.83,Normal,eCPM
2021-12-10,8.322731034501498,-0.6706602785092609,16.51994557309067,7.35,Normal,eCPM
2021-12-11,8.23495134683441,-0.13981291436919302,17.207496000794215,6.32,Normal,eCPM
2021-12-12,8.670291956417234,0.10633601115587542,17.383824056393802,9.95,Normal,eCPM
2021-12-13,9.211686464981007,0.5715775094270272,17.844213881970948,5.2,Normal,eCPM
2021-12-14,9.114762161986494,0.4699872723870351,17.20561842247405,2.98,Normal,eCPM
2021-12-15,9.726538306323203,0.9542568423848933,18.20750165841027,8.16,Normal,eCPM
2021-12-16,8.719621126544418,-0.07195554305005243,17.371675504808938,3.06,Normal,eCPM
2021-12-17,8.41903899892149,-0.45187189237137176,16.827649825862935,6.94,Normal,eCPM
2021-12-18,8.165200358360487,-0.3560103904456673,16.5695609704397,9.58,Normal,eCPM
2021-12-19,8.422536888567835,-0.1285743085287662,17.686096223628965,8.99,Normal,eCPM
2021-12-20,8.777534725560182,0.48375059775855156,17.48002493962216,5.81,Normal,eCPM
2021-12-21,8.489751333106508,0.16265329300738154,17.25765175906687,5.44,Normal,eCPM
2021-12-22,8.91041470758263,0.9318168111735595,18.064374775033553,11.71,Normal,eCPM
2021-12-23,7.716508911637084,-1.5498875096583706,16.044482851067155,2.07,Normal,eCPM
2021-12-24,7.2374924216438785,-1.5031104998373266,15.2086298686597,3.33,Normal,eCPM
2021-12-25,6.818135131568274,-2.243652057628931,15.976876212048667,3.74,Normal,eCPM
2021-12-26,6.927040019648674,-1.191566899706022,16.055152939152013,5.71,Normal,eCPM
2021-12-27,7.154555703863563,-2.387894515993498,15.789684394024581,3.04,Normal,eCPM
2021-12-28,6.763681082771642,-1.6943760217980348,15.417665996258526,3.63,Normal,eCPM
2021-12-29,7.108562002047513,-1.1816404120071409,15.575519191860788,6.5,Normal,eCPM
2021-12-30,5.868487070609815,-2.5157872931636205,14.289985913800095,5.98,Normal,eCPM
2021-12-31,5.374531864718412,-3.9352734655022394,13.675360305908914,3.42,Normal,eCPM
2022-01-01,4.97233969943812,-3.7542819910886713,13.94288553504611,2.07,Normal,eCPM
2022-01-02,5.1306068095312,-3.5342300228746617,13.67057070750458,5.35,Normal,eCPM
2022-01-03,5.438979480883429,-3.148768848998486,13.782223423031803,2.82,Normal,eCPM
2022-01-04,5.1589649618876114,-3.780247446655234,14.175748345744179,2.49,Normal,eCPM
2022-01-05,5.642456217891772,-3.100515924234354,14.461900229885355,0.64,Normal,eCPM
2022-01-06,4.565777060259847,-4.693105184413446,13.432685172715349,1.45,Normal,eCPM
2022-01-07,4.256395711006773,-4.003100627376825,12.990581569660614,4.1,Normal,eCPM
2022-01-08,4.055793210128618,-5.4236508948166025,12.747111478415357,2.43,Normal,eCPM
2022-01-09,4.4280521937846276,-4.125518468275462,12.954136132568031,2.92,Normal,eCPM
2022-01-10,4.9578707925626375,-3.803997915416778,13.983843914500952,6.84,Normal,eCPM
2022-01-11,4.9016002882101315,-3.646855174118198,13.597973805593664,3.76,Normal,eCPM
2022-01-12,5.6059030919610375,-3.780734263649209,14.432483029033657,5.33,Normal,eCPM
2022-01-13,4.741933868080043,-3.541829712613472,13.312098828989063,8.61,Normal,eCPM
2022-01-14,4.632188054425078,-3.9161933813861705,13.042486968076874,12.55,Normal,eCPM
2022-01-15,4.61350038789552,-3.760962017082442,13.541787245187946,3.12,Normal,eCPM
2022-01-16,5.145755284479158,-3.473697248281604,13.931418057583004,3.57,Normal,eCPM
2022-01-17,5.810010373720966,-3.0405182698858373,14.378556894818866,13.59,Normal,eCPM
2022-01-18,5.85962870748299,-3.2777315600428523,15.302231209973227,12.82,Normal,eCPM
2022-01-19,6.639013511127583,-2.3540936154990555,15.0309568622391,5.54,Normal,eCPM
2022-01-20,5.817846109845958,-2.8370433328345848,14.78582999381726,4.53,Normal,eCPM
2022-01-21,5.717969661042679,-3.78878618688337,14.493968412801014,4.86,Normal,eCPM
2022-01-22,5.676400299203608,-2.4532306829221895,14.859719428522833,6.94,Normal,eCPM
2022-01-23,6.154027192328105,-3.0735709415484096,15.349708551316299,13.42,Normal,eCPM
2022-01-24,6.73370312189607,-2.9337589184553097,15.235750059696704,5.29,Normal,eCPM
2022-01-25,6.671322075958777,-1.577778759067015,15.448430190596843,5.09,Normal,eCPM
2022-01-26,7.314479309830211,-1.0143354470218722,15.778292163025723,3.74,Normal,eCPM
2022-01-27,6.336616706246903,-2.481212839570407,14.744056027431096,6.73,Normal,eCPM
2022-01-28,6.063798745359578,-2.447284097268681,15.623156666093033,3.46,Normal,eCPM
2022-01-29,5.837603841517074,-3.1246650254995796,14.675412140286708,3.79,Normal,eCPM
2022-01-30,6.12369603396909,-2.8050738355002407,15.305061005350828,4.21,Normal,eCPM
2022-01-31,6.509782380131716,-2.441780321671395,15.324878516696023,2.71,Normal,eCPM
2022-02-01,6.256556412270301,-3.103352958634604,15.143625601194055,3.67,Normal,eCPM
2022-02-02,6.716227017089158,-1.955659039514259,15.099826139105357,11.86,Normal,eCPM
2022-02-03,5.566539351659861,-3.6385146944406124,14.215771073172343,6.24,Normal,eCPM
2022-02-04,5.137436720716818,-3.489099144378064,13.563398768667744,4.4,Normal,eCPM
2022-02-05,4.773851443347276,-4.1894812179410925,13.579633992315452,1.08,Normal,eCPM
2022-02-06,4.944192567395836,-4.288069891131044,13.567454897750638,3.76,Normal,eCPM
2022-02-07,5.238238151841607,-4.48993525898,13.568489754672177,2.56,Normal,eCPM
2022-02-08,4.918034280674428,-3.4219946090182494,13.63499102564781,2.39,Normal,eCPM
2022-02-09,5.336401347534231,-3.6004285408618086,13.861730746240406,2.58,Normal,eCPM
2022-02-10,4.170954745440387,-4.67550747897,12.9089282835348,2.45,Normal,eCPM
2022-02-11,3.7507887329000447,-5.120830170680449,12.06457257515665,3.75,Normal,eCPM
2022-02-12,3.419310680438362,-5.386024567811442,11.918201274069343,4.19,Normal,eCPM
2022-02-13,3.642792085958661,-4.500334119611192,12.253395629586125,3.67,Normal,eCPM
2022-02-14,4.0083420078051875,-5.12711550522627,13.08918399759241,4.31,Normal,eCPM
2022-02-15,3.774902468385305,-5.1029695927274785,12.76618489617808,3.86,Normal,eCPM
2022-02-16,4.291863296529733,-4.362228993579419,12.776274266715301,5.21,Normal,eCPM
2022-02-17,3.233200104664698,-5.684809665178132,12.59357540292602,2.01,Normal,eCPM
2022-02-18,2.9242804709874752,-5.885479150589123,11.27882983277886,2.43,Normal,eCPM
2022-02-19,2.7048216794759106,-5.852475687138073,11.443680991203056,4.12,Normal,eCPM
2022-02-20,3.037562522621406,-5.531455624705863,11.614321723583348,5.15,Normal,eCPM
2022-02-21,3.5063510188208165,-5.291389602854184,11.562968560049203,1.68,Normal,eCPM
2022-02-22,3.3672440039560008,-5.267776781637897,11.92721995909317,2.84,Normal,eCPM
2022-02-23,3.9672127863925084,-5.424362748815472,12.095548120295868,5.7,Normal,eCPM
2022-02-24,2.9783556983261223,-6.151495370666251,12.164185989901405,3.88,Normal,eCPM
2022-02-25,2.7247602613787087,-6.368193631157033,11.164703426823678,2.21,Normal,eCPM
2022-02-26,2.545496535047475,-5.758757687847553,11.408068637519145,3.84,Normal,eCPM
2022-02-27,2.9033030229927785,-5.595090032226066,11.84786880560582,6.95,Normal,eCPM
2022-02-28,3.3826665220605205,-5.0261096509439875,12.63085841941748,3.13,Normal,eCPM
2022-03-01,3.240892104164089,-5.00329550230026,11.985857151056935,3.78,Normal,eCPM
2022-03-02,3.8267583392379634,-4.6866631803823084,12.778053866597771,6.77,Normal,eCPM
2022-03-03,2.8146601754844456,-6.443062789967521,11.836991050507713,3.0,Normal,eCPM
2022-03-04,2.5313843918516645,-6.387916076669871,10.889839232622434,2.78,Normal,eCPM
2022-03-05,2.3190019543893774,-6.827562591894265,10.85970362585828,5.57,Normal,eCPM
2022-03-06,2.643441869122451,-6.265017945516736,10.916233306375306,3.06,Normal,eCPM
2022-03-07,3.092451520781503,-5.3568691972763265,11.72480324467714,3.66,Normal,eCPM
2022-03-08,2.9265435515337055,-6.360271546379961,12.191241321760161,2.48,Normal,eCPM
2022-03-09,3.4975283991071238,-5.531258667193464,11.776874709791205,3.77,Normal,eCPM
2022-03-10,2.4825389441787347,-7.089526474541651,10.601138834377544,9.97,Normal,eCPM
2022-03-11,2.2106961125771214,-6.665809964625626,11.427209041644087,8.84,Normal,eCPM
2022-03-12,2.0259034681938113,-6.762997023049949,10.833954716282573,4.04,Normal,eCPM
2022-03-13,2.395338749543107,-6.278457832131078,11.410109941951415,4.69,Normal,eCPM
2022-03-14,2.907350247786138,-6.112566418382254,11.363824529153106,5.46,Normal,eCPM
2022-03-15,2.8223604417592316,-6.198964762084899,11.51785275546737,4.42,Normal,eCPM
2022-03-16,3.4913777444211753,-4.927718362537393,12.196333090336216,7.35,Normal,eCPM
2022-03-17,2.5900238586099547,-6.328346141189671,10.904146622214801,6.21,Normal,eCPM
2022-03-18,2.445225907814632,-6.397613892051624,11.128458757551202,2.3,Normal,eCPM
2022-03-19,2.3980609519299247,-6.718521344663332,11.245021116285747,8.33,Normal,eCPM
2022-03-20,2.9123196726434344,-6.330845943989736,11.813055251138282,13.79,Positive,eCPM
2022-03-21,3.572495242419654,-4.468495511458725,12.658637415610503,10.96,Normal,eCPM
2022-03-22,3.6347972420495083,-4.794093492811566,12.99736173822615,9.48,Normal,eCPM
2022-03-23,4.445788333462592,-4.677252190950413,12.734486994130757,8.52,Normal,eCPM
2022-03-24,3.6765475296369043,-5.503247582938686,12.69238992846244,16.5,Positive,eCPM
2022-03-25,3.649505168024726,-5.319807428414542,12.367289393904343,1.49,Normal,eCPM
2022-03-26,3.701432852896856,-5.564746512352448,12.3470987203014,4.86,Normal,eCPM
2022-03-27,4.292150655305551,-4.965751278605837,12.369160808754899,4.54,Normal,eCPM
2022-03-28,5.0026530573578984,-3.755153333009107,14.031692069958476,3.19,Normal,eCPM
2022-03-29,5.086249109600319,-3.1712237916767467,14.312625041958377,8.79,Normal,eCPM
2022-03-30,5.887310354001931,-3.070204400197192,15.127978793479661,4.83,Normal,eCPM
2022-03-31,5.075526586884557,-3.8846553228825735,13.954015025660826,1.13,Normal,eCPM
2022-04-01,4.972811302689659,-3.9573417079581623,13.688051637568602,3.95,Normal,eCPM
2022-04-02,4.916337428378201,-3.7397755990427908,13.821308463827242,6.58,Normal,eCPM
2022-04-03,5.367263676427955,-2.9589125038869306,14.26137858994783,5.28,Normal,eCPM
2022-04-04,5.9088518221719335,-2.1559494282575944,14.60264299395704,8.53,Normal,eCPM
2022-04-05,5.797569996483189,-2.675302200181503,15.00049796751844,10.53,Normal,eCPM
2022-04-06,6.3817760208932395,-3.003822600525863,15.016018394366117,16.07,Positive,eCPM
2022-04-07,5.335882171208994,-3.3990644119012163,14.301413405366894,11.04,Normal,eCPM
2022-04-08,4.987145339078047,-3.7576904889455474,13.98652449139517,7.66,Normal,eCPM
2022-04-09,4.678566095990288,-3.750572221661845,13.494666070941186,11.52,Normal,eCPM
2022-04-10,4.877460575410586,-4.343593370510781,13.839236740785243,5.01,Normal,eCPM
2022-04-11,5.173409664534729,-4.375212352844503,13.541841854254402,9.81,Normal,eCPM
2022-04-12,4.829185266760723,-3.7058966892940504,14.412094081959696,5.2,Normal,eCPM
2022-04-13,5.199252686633745,-3.1199697513873033,14.01141222114485,11.2,Normal,eCPM
2022-04-14,3.963755760595241,-4.508786284458708,12.749641917713785,5.78,Normal,eCPM
2022-04-15,3.455134002520394,-4.580846746277255,11.834366334902857,10.38,Normal,eCPM
2022-04-16,3.0208604761382842,-6.278742070622604,12.276577172885153,5.56,Normal,eCPM
2022-04-17,3.1318692717917154,-5.527986346395708,12.659200548141877,2.56,Normal,eCPM
2022-04-18,3.3803816461372276,-5.5519505028324225,12.352382870953193,5.59,Normal,eCPM
2022-04-19,3.0307346187705084,-5.413381121297614,11.968609602306271,2.51,Normal,eCPM
2022-04-20,3.4378144502035677,-4.500416143397642,12.580174334403711,2.14,Normal,eCPM
2022-04-21,2.28100422824731,-6.670498251596935,10.71441416750852,4.99,Normal,eCPM
2022-04-22,1.890796578589201,-7.182600122935036,10.457632243022616,3.31,Normal,eCPM
2022-04-23,1.6115610370721192,-7.356564071601233,10.719324289741987,6.09,Normal,eCPM
2022-04-24,1.910034816030517,-7.092003981521241,10.05389781627646,5.97,Normal,eCPM
2022-04-25,2.3732449668146085,-6.03439467749283,10.369290933668399,6.56,Normal,eCPM
2022-04-26,2.259463568359001,-6.550161616702347,11.371660628952485,9.17,Normal,eCPM
2022-04-27,2.916795491507352,-5.6904482841736295,11.190633325847127,8.64,Normal,eCPM
2022-04-28,2.017304097670517,-6.694646154255945,10.338096141578156,14.66,Positive,eCPM
2022-04-29,1.883821332882325,-7.03171761167674,9.920758736818188,9.05,Normal,eCPM
2022-04-30,1.8529265607505354,-6.683574602251647,11.077594541198344,4.95,Normal,eCPM
2022-05-01,2.383657191228057,-6.945239601703208,10.980774589722063,3.99,Normal,eCPM
2022-05-02,3.05565303278817,-5.256799292658425,11.40449908809229,2.98,Normal,eCPM
2022-05-03,3.120329901240576,-5.973943462935143,11.674786885706359,5.45,Normal,eCPM
2022-05-04,3.919675734655553,-5.021289516334225,12.792556289559133,7.3,Normal,eCPM
2022-05-05,3.1205685968687567,-6.17592959912367,12.03965380192613,8.69,Normal,eCPM
2022-05-06,3.041757338129497,-5.768318817248197,11.44997115155162,8.32,Normal,eCPM
2022-05-07,3.016984082528122,-6.217917809714213,11.765867475063732,7.78,Normal,eCPM
2022-05-08,3.5038070856168115,-5.145725791140437,12.64484636219154,3.74,Normal,eCPM
2022-05-09,4.0818221722801775,-4.787908706776398,12.608996915906324,6.93,Normal,eCPM
2022-05-10,4.003875481138186,-4.993185547658165,12.996823170633936,6.44,Normal,eCPM
2022-05-11,4.614858959538258,-4.321940522305273,13.479340471441011,6.81,Normal,eCPM
2022-05-12,3.5859872517017912,-4.694801244205005,11.940297011108541,10.12,Normal,eCPM
2022-05-13,3.2416971092787668,-5.502016709988605,11.402101677354327,9.65,Normal,eCPM
2022-05-14,2.922649960242638,-5.049415822962525,11.637788270999291,5.53,Normal,eCPM
2022-05-15,3.094398725926703,-5.460065677837516,11.803806409843018,4.75,Normal,eCPM
2022-05-16,3.3454206667696624,-5.732570134283507,11.54479192596817,7.17,Normal,eCPM
2022-05-17,2.938113493326803,-6.206468841754553,11.519656699516185,5.0,Normal,eCPM
2022-05-18,3.2273515249083236,-5.328306620037995,11.647136723521756,7.04,Normal,eCPM
2022-05-19,1.8945065694671681,-7.02405879896753,10.733758290823513,7.26,Normal,eCPM
2022-05-20,1.2740812219271138,-7.471522218570796,10.087275186288412,5.93,Normal,eCPM
2022-05-21,0.7164421493684199,-8.403485216630314,9.714683473838848,5.69,Normal,eCPM
2022-05-22,0.6962215663548985,-8.383847021138509,9.532827641764111,8.54,Normal,eCPM
2022-05-23,0.8100957844788865,-7.999439891694348,9.308772955089335,7.49,Normal,eCPM
2022-05-24,0.3275449699764317,-8.656948081824739,8.908278234060965,6.35,Normal,eCPM
2022-05-25,0.6091974262630941,-8.196972982661293,9.19637248156623,5.45,Normal,eCPM
2022-05-26,-0.6593310288939462,-9.404190889538134,7.774913965472152,5.32,Normal,eCPM
2022-05-27,-1.1409496415320923,-10.11808042468228,7.859454755861766,4.16,Normal,eCPM
2022-05-28,-1.4844653844283795,-10.686664789641167,8.205261246906597,9.85,Positive,eCPM
2022-05-29,-1.2162441782813107,-10.512247452202537,7.850129689693451,5.25,Normal,eCPM
2022-05-30,-0.7424495721192939,-9.89317743050024,7.6755178849383325,7.75,Positive,eCPM
2022-05-31,-0.79825370294737,-9.883243357159218,7.687273586920529,2.95,Normal,eCPM
2022-06-01,-0.029417409527563443,-8.583637349619549,8.735497332271011,5.24,Normal,eCPM
2022-06-02,-0.7583302697187935,-9.799691832909932,8.528204080945525,8.02,Normal,eCPM
2022-06-03,-0.6573602310486519,-9.524547588225872,8.313865535421382,4.63,Normal,eCPM
2022-06-04,-0.3860246441799071,-9.589176596874283,8.785446133406392,4.68,Normal,eCPM
2022-06-05,0.5175840802510749,-8.223651961813886,9.635871471460932,6.17,Normal,eCPM
2022-06-06,1.6348236269347374,-7.185822024077643,10.24997093478131,4.78,Normal,eCPM
2022-06-07,2.2175764827153124,-6.593899783234322,10.808169448911157,12.09,Positive,eCPM
2022-06-08,3.606970267267692,-5.267112747395289,12.669609434167155,4.79,Normal,eCPM
2022-06-09,3.467645435602935,-4.982260835262103,12.531955728868567,3.88,Normal,eCPM
2022-06-10,4.114712964809403,-5.212860233434358,13.150804741728427,4.17,Normal,eCPM
2022-06-11,4.876882463677791,-4.18228991431106,13.119411676548511,4.16,Normal,eCPM
2022-06-12,6.205319902407773,-2.917240979437611,15.344364813912298,4.51,Normal,eCPM
2022-06-13,7.671933184297821,-0.8481941503631668,16.297289750313123,2.81,Normal,eCPM
2022-06-14,8.520677643939825,-0.33775305202125866,17.178903564489516,2.9,Normal,eCPM
2022-06-15,10.086471623870533,1.664336103265602,19.240346629614194,5.14,Normal,eCPM
2022-06-16,10.029618848396876,1.6249812149479412,19.094062845982982,3.22,Normal,eCPM
2022-06-17,10.662876202133333,1.655326359334157,19.552281359956975,5.54,Normal,eCPM
2022-06-18,11.314644477639868,3.1680356907378306,19.80538586454454,7.88,Normal,eCPM
2022-06-19,12.437839622341068,3.689299263646552,21.04812536042864,8.56,Normal,eCPM
2022-06-20,13.608142291282325,5.01770541958955,22.465503062347086,4.85,Negative,eCPM
2022-06-21,14.075218638167504,5.749937550111473,23.064532345985953,5.85,Normal,eCPM
2022-06-22,15.181504585946625,6.247503016583673,23.716432935745242,3.61,Negative,eCPM
2022-06-23,14.5964538627143,6.162280799097944,23.089200171495538,3.62,Negative,eCPM
2022-06-24,14.643391330814705,5.5944661078512565,23.292718032845062,8.33,Normal,eCPM
2022-06-25,14.662457448096315,6.17029107474828,23.666619744316957,5.26,Negative,eCPM
2022-06-26,15.119204686057785,6.7888392707708105,23.72882787014864,7.13,Normal,eCPM
2022-06-27,15.602552056534902,6.978242018100562,24.072399337073897,3.31,Negative,eCPM
2022-06-28,15.375697778686392,6.962918132265205,23.918232627042645,4.6,Negative,eCPM
2022-06-29,15.794590026051708,6.973775947437171,24.421554976252022,5.24,Negative,eCPM
2022-06-30,14.541863554476336,5.404059967984127,22.755302661677057,7.55,Normal,eCPM
2022-07-01,13.953392905576562,5.086491748371994,22.976169440516422,3.1,Negative,eCPM
2022-07-02,13.38095252783461,5.012666212823526,22.335068953849774,3.92,Negative,eCPM
2022-07-03,13.300554481705786,3.9332165317388035,22.201536461616392,4.94,Normal,eCPM
2022-07-04,13.310174690101743,5.2536249118475995,21.769000982046066,8.98,Normal,eCPM
2022-07-05,12.68047350030509,3.4594584148507432,21.69369787721163,5.53,Normal,eCPM
2022-07-06,12.773114981492661,4.276353307787753,21.541669642431756,7.38,Normal,eCPM
2022-07-07,11.274596173531773,2.0723959286377283,20.40093902269095,6.87,Normal,eCPM
2022-07-08,10.522739245895805,1.944169256208444,19.631625479511037,3.61,Normal,eCPM
2022-07-09,9.869337971629276,1.4751727658544513,18.564391013073404,7.89,Normal,eCPM
2022-07-10,9.788529025806039,0.4583056230026087,18.64254770367833,3.84,Normal,eCPM
2022-07-11,9.874597707098637,0.86925824632,18.398563110118715,3.91,Normal,eCPM
2022-07-12,9.392821325562,1.0193648213062367,18.101341506774425,3.52,Normal,eCPM
2022-07-13,9.697951073856075,1.032060928533998,18.447474766438326,8.34,Normal,eCPM
2022-07-14,8.468239010646927,-0.744434669906399,17.095940150477094,5.53,Normal,eCPM
2022-07-15,8.032157677358454,-0.3630355980242172,16.4564036268806,8.05,Normal,eCPM
2022-07-16,7.731297615417359,-0.6255991328586012,16.979840646621,4.66,Normal,eCPM
2022-07-17,8.029006623305946,-0.3641106396723684,16.809498888685237,9.11,Normal,eCPM
2022-07-18,8.508473329757093,0.2612350672010461,16.9653224004858,11.98,Normal,eCPM
2022-07-19,8.4238511398915,-0.5861100592239175,17.123148305094883,6.4,Normal,eCPM
2022-07-20,9.119016210983254,0.4579018642428368,17.37178674881851,8.3,Normal,eCPM
2022-07-21,8.261859139917087,-0.21241118743727438,17.85080809662576,6.91,Normal,eCPM
2022-07-22,8.171251329997219,-0.5516735790032474,16.76946723158158,6.23,Normal,eCPM
2022-07-23,8.18475333758532,-0.1202708304705418,17.308633263264696,5.48,Normal,eCPM
2022-07-24,8.753683624945296,0.12668907346548755,17.1441509982753,7.54,Normal,eCPM
2022-07-25,9.455126116027058,0.516045410651902,17.79633056230195,8.79,Normal,eCPM
2022-07-26,9.538588854187799,0.80942875575256,18.880474544752712,5.67,Normal,eCPM
2022-07-27,10.34484507838002,1.3484964032581561,19.49419253575539,6.1,Normal,eCPM
2022-07-28,9.540266977068084,1.1423207402436029,17.985994703024925,7.6,Normal,eCPM
2022-07-29,9.443792786717257,0.2467357176928475,18.997971021081778,6.17,Normal,eCPM
2022-07-30,9.390007294540524,0.5162786602242699,18.028480565330167,6.18,Normal,eCPM
2022-07-31,9.83789613694847,1.6601227306227848,18.905188306606615,3.55,Normal,eCPM
2022-08-01,10.368974844809625,1.4261265076818186,19.09795324516535,4.59,Normal,eCPM
2022-08-02,10.238388904436025,1.3404032477244037,18.748997489038068,5.87,Normal,eCPM
2022-08-03,10.793580504713827,2.3780920860301213,19.40255591543996,5.52,Normal,eCPM
2022-08-04,9.708425384859332,0.9211753188846389,18.847954177360503,8.8,Normal,eCPM
2022-08-05,9.309986073753338,0.39815646436435004,17.872165564129556,7.03,Normal,eCPM
2022-08-06,8.941367540375637,0.33437793120218057,17.377333956273613,10.59,Normal,eCPM
2022-08-07,9.070241775788704,0.6708412785830772,17.56427920747841,4.34,Normal,eCPM
2022-08-08,9.286748388403968,0.6869923757986713,17.823277740752566,5.36,Normal,eCPM
2022-08-09,8.854373447795794,0.09136720723431699,17.591566528391102,5.51,Normal,eCPM
2022-08-10,9.128407892390246,-0.32325704253251475,18.36461788639144,5.98,Normal,eCPM
2022-08-11,7.7898940921852065,-1.326657156854725,16.827448723718994,6.49,Normal,eCPM
2022-08-12,7.172211435226666,-1.6094169957152973,15.500165414187515,3.74,Normal,eCPM
2022-08-13,6.623790824267853,-2.399959752624779,15.620260144780397,6.42,Normal,eCPM
2022-08-14,6.616527669737614,-1.9576066663575433,15.17511374793468,6.09,Normal,eCPM
2022-08-15,6.743602658403848,-1.7062203006833183,15.825891613494697,6.21,Normal,eCPM
2022-08-16,6.270313821680655,-2.8564420805770294,14.729795763704859,4.97,Normal,eCPM
2022-08-17,6.552521582901585,-1.658093048727749,15.944924941499778,3.21,Normal,eCPM
2022-08-18,5.270614824781116,-4.297564537307263,13.632709750706804,2.68,Normal,eCPM
2022-08-19,4.7561474177051455,-3.8580662689006604,12.775134894209943,4.68,Normal,eCPM
2022-08-20,4.354632848587134,-4.323560637709015,13.295710194637019,6.61,Normal,eCPM
2022-08-21,4.534063552039065,-4.020075107105639,12.710210509368341,5.65,Normal,eCPM
2022-08-22,4.889707642810899,-3.0802792844404157,13.39701004794801,11.29,Normal,eCPM
2022-08-23,4.674547224861724,-4.2432357728204835,13.75268178956238,7.37,Normal,eCPM
2022-08-24,5.238425830555595,-2.9956663823095275,13.676338074260109,6.25,Normal,eCPM
2022-08-25,4.255337826841826,-4.383940927660321,13.933762419357164,4.54,Normal,eCPM
2022-08-26,4.050239524442926,-4.651355993289815,13.088312554531294,5.22,Normal,eCPM
2022-08-27,3.962017703156954,-4.297308938598794,12.87884316192627,5.32,Normal,eCPM
2022-08-28,4.452177431103651,-5.237054010576957,12.920982288659461,4.67,Normal,eCPM
2022-08-29,5.102950402592004,-4.018025153072874,13.404939303551423,6.57,Normal,eCPM
2022-08-30,5.1684191510254545,-3.243795669628182,13.849644301227931,6.19,Normal,eCPM
2022-08-31,5.99325076786668,-2.2209544790842637,14.78946101786873,7.2,Normal,eCPM
2022-09-01,5.246940462329348,-3.4508696166674233,14.171377815769766,9.37,Normal,eCPM
2022-09-02,5.250707245790476,-2.899762347776856,13.712196108434975,3.14,Normal,eCPM
2022-09-03,5.340522960741136,-3.6706881261700444,14.263864536015669,9.56,Normal,eCPM
2022-09-04,5.975835734757899,-2.059684206766825,14.99934919869761,4.77,Normal,eCPM
2022-09-05,6.7376890261404565,-1.957561489266759,15.09877628097692,7.03,Normal,eCPM
2022-09-06,6.879832279990804,-1.8002560553180311,15.108105522854858,4.8,Normal,eCPM
2022-09-07,7.747418168241909,-0.7551569096680375,16.694442269548443,7.6,Normal,eCPM
2022-09-08,7.011188712552597,-2.058458990578243,15.819235214698724,5.66,Normal,eCPM
2022-09-09,6.994295083707261,-1.4448206461638766,15.82879424286085,5.06,Normal,eCPM
2022-09-10,7.035235262889154,-1.9889998628261558,16.15179709443533,5.19,Normal,eCPM
2022-09-11,7.596473964669677,-1.2226384696565094,16.13302599951098,3.06,Normal,eCPM
2022-09-12,8.262449552706734,-0.23419450024860564,17.001297235605463,5.15,Normal,eCPM
2022-09-13,8.290567661603154,-0.17762913788711227,17.30688391081579,5.6,Normal,eCPM
2022-09-14,9.029780208508432,1.002436145290317,17.805132834813325,5.51,Normal,eCPM
2022-09-15,8.154655706013635,-0.6670311972649671,16.878325968358943,4.46,Normal,eCPM
2022-09-16,7.992089078022895,-0.6428109268565795,16.703461474857658,5.52,Normal,eCPM
2022-09-17,7.884138269238855,-0.15848612859581432,17.077634502701514,3.86,Normal,eCPM
2022-09-18,8.296554764207952,0.16110953214782534,16.70352474232923,6.51,Normal,eCPM
2022-09-19,8.816715001213229,0.2703086470685032,18.205931649972428,6.03,Normal,eCPM
2022-09-20,8.7045541306391,-0.13460415245284713,17.41193347490406,6.83,Normal,eCPM
2022-09-21,9.314728657240606,1.1843588493871742,18.002133920087346,4.6,Normal,eCPM
2022-09-22,8.319781094945064,-0.22572678328842133,17.208355685383232,6.33,Normal,eCPM
2022-09-23,8.047721624447824,-0.5283284704795876,16.568362572261726,14.07,Normal,eCPM
2022-09-24,7.841246733079677,-0.8790804492408362,16.751136707553044,4.17,Normal,eCPM
2022-09-25,8.16629426251493,-0.6606099823183352,16.742505518835355,10.34,Normal,eCPM
2022-09-26,8.610013616999545,-0.05812962077220222,17.790949359183806,9.9,Normal,eCPM
2022-09-27,8.43175060810373,-0.04134684265079709,17.249472983738787,9.4,Normal,eCPM
2022-09-28,8.981644482295264,-0.1429401514318214,17.815459815142297,8.18,Normal,eCPM
2022-09-29,7.934741069830955,-0.4143509821645478,16.6964676876733,9.06,Normal,eCPM
2022-09-30,7.617767536758522,-1.4989220532426402,16.0997257566144,9.08,Normal,eCPM
2022-10-01,7.3720526745297885,-1.8611144140751061,16.08046920477193,11.58,Normal,eCPM
2022-10-02,7.66215597918686,-1.3530120737355518,16.823367581692477,10.33,Normal,eCPM
2022-10-03,8.073908275274851,-0.915063001741622,16.953276994549853,9.06,Normal,eCPM
2022-10-04,7.865460888205849,-0.5393779756649519,16.5918535446878,7.63,Normal,eCPM
2022-10-05,8.385938720060986,-0.27758022389412745,17.28153004386484,6.48,Normal,eCPM
2022-10-06,7.309599324412072,-1.3380134150131135,16.1383328031674,8.04,Normal,eCPM
2022-10-07,6.962642023152998,-1.672778343998431,15.822224962705395,7.56,Normal,eCPM
2022-10-08,6.686150005744107,-1.1053809967442698,15.72491327217793,6.35,Normal,eCPM
2022-10-09,6.944728139369449,-1.6138977654679865,15.741299659081474,9.85,Normal,eCPM
2022-10-10,7.324539201592829,-1.3786443114020983,16.233920907496966,7.08,Normal,eCPM
2022-10-11,7.084335969359811,-1.9808900577845434,15.43054102126847,9.54,Normal,eCPM
2022-10-12,7.574085400549421,-1.1895960387700883,15.96175081350914,6.78,Normal,eCPM
2022-10-13,6.469088299319832,-1.6545538929154555,14.807657070506378,5.87,Normal,eCPM
2022-10-14,6.096740167650554,-2.40405638039912,14.885852936458267,4.94,Normal,eCPM
2022-10-15,5.799418144713226,-2.9223111497918794,13.696659545255871,7.83,Normal,eCPM
2022-10-16,6.043058954100935,-3.1394391050598904,14.715257114078542,4.94,Normal,eCPM
2022-10-17,6.415132913831588,-2.1567514849764446,15.616765281995018,4.96,Normal,eCPM
2022-10-18,6.175613855060227,-3.544278276844215,15.115447087736252,5.73,Normal,eCPM
2022-10-19,6.675543582256474,-2.155906904562453,15.575612095314678,11.31,Normal,eCPM
2022-10-20,5.59112362291239,-3.4136642013733733,14.356499586307647,5.26,Normal,eCPM
2022-10-21,5.250346790998406,-3.8096589072463503,14.301656739674618,6.03,Normal,eCPM
2022-10-22,4.9959259276435475,-4.089102248340655,13.775440335701008,7.0,Normal,eCPM
2022-10-23,5.293815696872281,-2.984065518568817,14.027949690859415,7.4,Normal,eCPM
2022-10-24,5.7311689719025445,-2.384037340290298,15.39470531555981,5.82,Normal,eCPM
2022-10-25,5.5673013729619605,-2.8525133833685263,14.612052187107064,7.51,Normal,eCPM
2022-10-26,6.152262928215881,-2.7882920246239915,14.912507828882097,8.1,Normal,eCPM
2022-10-27,5.160922437816069,-3.3788165690155627,14.11359467964164,5.77,Normal,eCPM
2022-10-28,4.919711809847951,-3.4844298268351466,13.988042824485227,3.73,Normal,eCPM
2022-10-29,4.76951615894858,-4.202275598719315,13.71048876111032,8.3,Normal,eCPM
2022-10-30,5.174274768067812,-3.7007941684664956,13.535134697258204,5.34,Normal,eCPM
2022-10-31,5.71899743287156,-2.7615195683572136,14.267991977591265,5.15,Normal,eCPM
2022-11-01,5.660794800497255,-1.884900910783121,14.89935172051207,10.0,Normal,eCPM
2022-11-02,6.34751944323831,-2.653624868598796,14.711200732743453,7.67,Normal,eCPM
2022-11-03,5.4519208688157805,-3.459085600944921,14.629159582738245,9.35,Normal,eCPM
2022-11-04,5.298459290524654,-3.259180915607788,13.95895980626859,6.31,Normal,eCPM
2022-11-05,5.226261517974102,-2.54208443874857,14.296470942735505,6.22,Normal,eCPM
2022-11-06,5.6977817368922725,-3.2170354442859823,14.318067050172878,7.82,Normal,eCPM
2022-11-07,6.296869543193188,-1.5231389513796636,15.448352322082364,5.45,Normal,eCPM
2022-11-08,6.279841940348643,-2.236908781220585,15.131528094438412,7.09,Normal,eCPM
2022-11-09,6.994154455979578,-1.5098530144902802,15.23487420125211,7.61,Normal,eCPM
2022-11-10,6.112573368719195,-2.381679909704629,14.601602710968349,6.82,Normal,eCPM
2022-11-11,5.959993075890544,-2.638966651432619,14.852147968646237,6.48,Normal,eCPM
2022-11-12,5.8763816187584705,-2.337946930676684,14.130115647281336,6.3,Normal,eCPM
2022-11-13,6.325417254386695,-2.3026597343854145,14.83847485455835,8.82,Normal,eCPM
2022-11-14,6.892519025340479,-2.2891422414010156,15.495297194103047,10.4,Normal,eCPM
2022-11-15,6.835869073588487,-2.21882792687625,15.09164457307119,6.57,Normal,eCPM
2022-11-16,7.505023313554014,-1.883764963077314,15.97606277772771,5.31,Normal,eCPM
2022-11-17,6.5750142931654825,-2.9661102129175534,15.137062675664298,9.63,Normal,eCPM
2022-11-18,6.373092433896524,-2.0801247693101805,15.402808215914783,12.47,Normal,eCPM
2022-11-19,6.241591112206127,-1.4826634636934775,15.84411196682074,7.4,Normal,eCPM
2022-11-20,6.6464809195716885,-2.1881382588547305,15.084997538799573,9.23,Normal,eCPM
2022-11-21,7.175319041381992,-1.7010949286144312,15.290779559959628,13.52,Normal,eCPM
2022-11-22,7.088193909744592,-1.3373791915688749,15.853453602865304,10.14,Normal,eCPM
2022-11-23,7.736264520791427,-0.7118595095436483,16.36862936371682,8.74,Normal,eCPM
2022-11-24,6.795800680970809,-1.7844835194986295,15.6923135091198,8.62,Normal,eCPM
2022-11-25,6.594872594197481,-1.9912295162998415,15.710844780748658,14.26,Normal,eCPM
2022-11-26,6.4761771244542885,-2.5043955151453505,15.318027288071045,9.53,Normal,eCPM
2022-11-27,6.905567736323521,-1.9078256145286683,16.79853400180706,5.73,Normal,eCPM
2022-11-28,7.469994837031615,-0.9276890426161438,15.790068518195527,5.97,Normal,eCPM
2022-11-29,7.428457571089751,-0.880603300486172,15.870386251363309,12.36,Normal,eCPM
2022-11-30,8.13056640612163,-0.9175843755888107,16.86274773902173,12.4,Normal,eCPM
2022-12-01,7.250622385137186,-0.8817075927007987,15.604943453875794,15.06,Normal,eCPM
2022-12-02,7.114360529859079,-1.433261253975211,16.079288166886172,12.97,Normal,eCPM
2022-12-03,7.061843316075347,-1.882848290234782,15.514134457297333,17.39,Positive,eCPM
2022-12-04,7.556069361230332,-1.4245949891212482,16.012920166473368,8.53,Normal,eCPM
2022-12-05,8.18100178915818,-0.6121893610273489,17.184728613132016,8.84,Normal,eCPM
2022-12-06,8.192614733158699,-0.6896442818163872,17.036559698796186,7.56,Normal,eCPM
2022-12-07,8.937554471301153,0.3052477905061386,18.25564805440379,4.83,Normal,eCPM
2022-12-08,8.087318054769112,-1.1664390052921851,16.328759916336335,7.92,Normal,eCPM
2022-12-09,7.9650938211656825,-1.0047042623637852,16.537471034580555,11.07,Normal,eCPM
2022-12-10,7.908746637724051,-0.8351305585522237,15.631000604898555,10.26,Normal,eCPM
2022-12-11,8.379510050742,-0.01261689768739815,17.30787064856578,11.22,Normal,eCPM
2022-12-12,8.960087047500593,-0.005552521722344216,18.001778596460998,10.82,Normal,eCPM
2022-12-13,8.905755426447021,0.3804454373673402,17.484965872203446,12.77,Normal,eCPM
2022-12-14,9.563072176992742,0.4747075121229638,19.046428061708056,8.92,Normal,eCPM
2022-12-15,8.60407807963877,-0.06012144548815704,17.30904411113324,20.21,Positive,eCPM
2022-12-16,8.353145766924063,-0.3007460462584009,17.508639007575667,9.73,Normal,eCPM
2022-12-17,8.149953479599867,-0.08895539002293872,16.916213557094288,7.22,Normal,eCPM
2022-12-18,8.458146650107416,-0.3939568147261406,17.3908177633028,7.73,Normal,eCPM
2022-12-19,8.892778244011541,-0.23899601724851027,17.51378248579096,13.34,Normal,eCPM
2022-12-20,8.683181488565575,-0.5239289075644783,17.81729656905193,8.3,Normal,eCPM
2022-12-21,9.179757958264348,0.7592433763518603,18.211035646459685,9.28,Normal,eCPM
2022-12-22,8.058697436251444,-0.7414780272332449,17.24870401560146,15.89,Normal,eCPM
2022-12-23,7.648718834717066,-0.7175153171573253,16.921890889540148,16.31,Normal,eCPM
2022-12-24,7.293928661913654,-1.4563119987037776,15.7711084244995,11.27,Normal,eCPM
2022-12-25,7.462362398675854,-0.9544799150934894,16.24500669795336,7.63,Normal,eCPM
2022-12-26,7.743914444106846,-0.9632806443945799,16.505916728764248,6.2,Normal,eCPM
2022-12-27,7.4012572376259325,-0.7313770328345365,16.28499197344367,8.42,Normal,eCPM
2022-12-28,7.788349098925066,-1.4960827242697694,16.210955314003325,11.29,Normal,eCPM
2022-12-29,6.584437518491598,-2.23039759184876,14.643288282794536,9.45,Normal,eCPM
2022-12-30,6.120706883311863,-2.6159252626986023,14.898158980591308,9.7,Normal,eCPM
2022-12-31,5.74305867007,-2.871332690331855,14.77882365423456,7.65,Normal,eCPM
2023-01-01,5.920591918405492,-2.8762987812985994,14.511416086843964,6.85,Normal,eCPM
2023-01-02,6.243491615264475,-2.254554167268987,15.281855195862367,5.96,Normal,eCPM
2023-01-03,5.973927027596369,-2.5117668971797973,15.154067137390694,11.64,Normal,eCPM
2023-01-04,6.464560366881015,-2.5081239671944555,15.286618011962592,8.17,Normal,eCPM
2023-01-05,5.392572741522235,-3.6817738472214687,13.969983841593423,7.27,Normal,eCPM
2023-01-06,5.086355974918958,-4.232603536234466,14.275047392455662,6.58,Normal,eCPM
2023-01-07,4.888357291122383,-4.017854898296278,13.794174269658091,7.17,Normal,eCPM
2023-01-08,5.263643051874515,-3.691057274402773,14.076455293257903,4.27,Normal,eCPM
2023-01-09,5.797886992166891,-3.125381243423052,14.986812096196687,8.35,Normal,eCPM
2023-01-10,5.748382312463968,-3.1240374781717852,14.14686185093309,6.52,Normal,eCPM
2023-01-11,6.462674911623546,-1.902655254717862,15.144558656831745,8.92,Normal,eCPM
2023-01-12,5.612721284843087,-3.32665183623397,14.674218704669812,9.76,Normal,eCPM
2023-01-13,5.521715998584678,-3.0683480141554615,13.749432239708701,12.5,Normal,eCPM
2023-01-14,5.527071950270719,-3.115203303514518,15.026999959351961,7.42,Normal,eCPM
2023-01-15,6.089115784358109,-2.5232737922330557,14.883402045519388,7.66,Normal,eCPM
2023-01-16,6.789200192948425,-1.7574634123230561,16.18673489727639,10.34,Normal,eCPM
2023-01-17,6.88082894259129,-2.0777879125842103,15.612557132478193,9.56,Normal,eCPM
2023-01-18,7.797027651089941,-1.1026671854295353,16.941348194278113,7.6,Normal,eCPM
2023-01-19,7.118666278979655,-1.3946948850346172,15.86715853046717,4.49,Normal,eCPM
2023-01-20,7.167265425428857,-1.7390089201610914,16.10244860139832,8.92,Normal,eCPM
2023-01-21,7.2793783660886096,-1.1590421946127023,15.958071006724108,5.37,Normal,eCPM
2023-01-22,7.915304795349577,-1.5570051831703355,16.492799344500284,7.82,Normal,eCPM
2023-01-23,8.657198535750863,0.39098061789623034,17.1942812652536,13.0,Normal,eCPM
2023-01-24,8.7601652025511,-0.43248731449340766,17.90828813882276,6.93,Normal,eCPM
2023-01-25,9.570944702799446,0.5269032541520491,18.42864166531573,6.88,Normal,eCPM
2023-01-26,8.762080726986307,0.44430508340011327,17.44872165726661,5.0,Normal,eCPM
2023-01-27,8.658721860253092,-0.7058732651885398,17.223999127714713,8.33,Normal,eCPM
2023-01-28,8.60153832838848,-0.7875544490897656,17.276896841268105,14.19,Normal,eCPM
2023-01-29,9.055318628728784,-0.24476082160689763,17.434961634083756,13.39,Normal,eCPM
2023-01-30,9.606950670677737,0.36247990135142616,18.74472155087243,10.8,Normal,eCPM
2023-01-31,9.516387099152203,0.8289431767911162,17.84990372261807,12.22,Normal,eCPM
2023-02-01,10.135193529850813,1.5426389699246321,18.5710443454726,6.14,Normal,eCPM
2023-02-02,9.140585754987958,-0.05124402665647797,17.76193264324747,6.27,Normal,eCPM
2023-02-03,8.862104382078448,0.1898623090069073,17.776713885095866,3.95,Normal,eCPM
2023-02-04,8.644414577744449,0.4784765253385516,17.2732639787768,10.44,Normal,eCPM
2023-02-05,8.955798535709002,-0.22722116734771292,17.094233011688747,5.15,Normal,eCPM
2023-02-06,9.38604827449935,0.4285319263905113,18.894437955962932,13.71,Normal,eCPM
2023-02-07,9.197360941317626,-0.14617407639732322,17.39227727808041,6.22,Normal,eCPM
2023-02-08,9.742837301812243,1.1313726490305693,18.73932044441159,17.97,Normal,eCPM
2023-02-09,8.700490813897433,0.09270925469553262,17.64583059292269,6.43,Normal,eCPM
2023-02-10,8.399916436121304,-0.14131067278639664,17.27913330283638,4.96,Normal,eCPM
2023-02-11,8.185106857875269,-0.9453325097838913,16.931835217831424,9.77,Normal,eCPM
2023-02-12,8.522983112644607,0.11091842463043229,17.25938567427765,11.64,Normal,eCPM
2023-02-13,9.001345868009832,-0.6490327146901419,17.15524585763959,7.51,Normal,eCPM
2023-02-14,8.879847642701494,0.37039031359956787,18.060659133433838,15.08,Normal,eCPM
2023-02-15,9.508584147767742,0.5390603935301183,17.693448086247063,5.9,Normal,eCPM
2023-02-16,8.562209185799215,0.6062623106999838,17.382266329049827,4.59,Normal,eCPM
2023-02-17,8.366718902931778,-0.4068155717832292,17.228675825400767,10.76,Normal,eCPM
2023-02-18,8.262389435110936,-0.44538202595378196,16.972033686940016,10.46,Normal,eCPM
2023-02-19,8.712431085344022,0.3962657215174251,17.97196528380107,5.08,Normal,eCPM
2023-02-20,9.301061438946416,0.21454178801947993,17.91621384041604,6.2,Normal,eCPM
2023-02-21,9.284593837502683,-0.13035413039108573,18.23567723066809,9.75,Normal,eCPM
2023-02-22,10.010135753555263,1.147305239030103,17.779092032444986,8.89,Normal,eCPM
2023-02-23,9.149798132581148,0.0707259008462345,18.054046337796187,5.56,Normal,eCPM
2023-02-24,9.027558521460588,0.5504322494609691,18.064473642570064,4.59,Normal,eCPM
2023-02-25,8.982259534485497,-0.3160720517754542,17.812701689275485,3.76,Normal,eCPM
2023-02-26,9.47630386644619,0.9648626217316292,18.28520099177217,6.51,Normal,eCPM
2023-02-27,10.093746957924784,1.0654773611505448,18.35850232408139,3.89,Normal,eCPM
2023-02-28,10.091383099211061,0.9054226458635792,18.510263065349715,5.36,Normal,eCPM
2023-03-01,10.817419571198398,1.5886084205474331,19.628725905677186,6.91,Normal,eCPM
2023-03-02,9.945640637789321,1.133304290919603,18.8714598383091,10.74,Normal,eCPM
2023-03-03,9.802205629258095,1.3792438391255577,18.307355286867487,8.94,Normal,eCPM
2023-03-04,9.728564719419067,0.7610616214194078,18.56956702928303,7.25,Normal,eCPM
2023-03-05,10.190056229516461,1.6227787895509247,18.95474211268824,8.78,Normal,eCPM
2023-03-06,10.773889680727713,2.5020573902875434,19.218024734794287,14.41,Normal,eCPM
2023-03-07,10.740113898284884,2.0508351973997896,18.70065963909518,13.4,Normal,eCPM
2023-03-08,11.440168574984206,2.5895675218615497,19.902900567006988,14.92,Normal,eCPM
2023-03-09,10.550925094783612,1.617924882171501,19.15294657089399,9.34,Normal,eCPM
2023-03-10,10.4013648956419,2.4831064590083143,19.326932218554568,6.49,Normal,eCPM
2023-03-11,10.335382942590456,2.1652002733167013,19.026351627088513,5.44,Normal,eCPM
2023-03-12,10.82028391606759,1.794024309654813,19.45688719487775,6.47,Normal,eCPM
2023-03-13,11.444678794279426,3.0265495155039464,20.484730201346693,10.65,Normal,eCPM
2023-03-14,11.46938416348085,3.8595388361613425,20.28013553590266,7.93,Normal,eCPM
2023-03-15,12.245925170193466,3.3075716645173108,21.332057711418656,7.14,Normal,eCPM
2023-03-16,11.450549814200714,2.441859427684314,19.751665970902327,11.45,Normal,eCPM
2023-03-17,11.410904085795773,2.287592272000987,19.813166382563086,7.7,Normal,eCPM
2023-03-18,11.468856023052075,2.509521802752575,19.691308303118262,9.66,Normal,eCPM
2023-03-19,12.089036055249569,2.983185246882371,20.2535725084844,9.19,Normal,eCPM
2023-03-20,12.856800326888049,4.546893810400741,21.17487592457563,6.65,Normal,eCPM
2023-03-21,13.029217627499435,4.041804531019092,21.410699052735673,10.25,Normal,eCPM
2023-03-22,13.953678451664933,6.107350273303456,23.246733764719878,11.64,Normal,eCPM
2023-03-23,13.302030881966566,4.75370180612019,22.32831690798645,9.8,Normal,eCPM
2023-03-24,13.397389260210758,3.9228151420978272,21.917613686456974,11.89,Normal,eCPM
2023-03-25,13.577099753454549,4.386567398632543,22.07189165399134,7.78,Normal,eCPM
2023-03-26,14.301425896621298,5.599214021468406,22.86568176454161,8.01,Normal,eCPM
2023-03-27,15.151656332957202,6.668605098918417,23.953154152812964,10.98,Normal,eCPM
2023-03-28,15.38123084976484,6.4961113595855515,23.86788068447126,7.85,Normal,eCPM
2023-03-29,16.334478788358997,7.510583494217488,24.4513897512453,10.41,Normal,eCPM
2023-03-30,15.680870294796891,6.542496568060799,24.158011228980392,14.77,Normal,eCPM
2023-03-31,15.741922501108427,7.382999100703519,24.909961584567295,14.89,Normal,eCPM
2023-04-01,15.854241341875193,7.123211874220548,26.092979785449373,10.54,Normal,eCPM
2023-04-02,16.478259270046674,7.434568832966887,25.194377986109114,8.48,Normal,eCPM
2023-04-03,17.196368954071126,8.953062849250598,25.790318572889753,7.12,Negative,eCPM
2023-04-04,17.2640476678669,7.969505541212744,25.757872543180408,10.23,Normal,eCPM
2023-04-05,18.02856587444866,8.988520581155557,27.339277664384554,40.07,Positive,eCPM
2023-04-06,17.163180729358867,8.364823316337672,25.864490098644843,9.98,Normal,eCPM
2023-04-07,16.99395769709426,9.085115313777349,26.77898464701725,10.21,Normal,eCPM
2023-04-08,16.86270291365712,8.591022954705089,25.88505360281231,5.13,Negative,eCPM
2023-04-09,17.235569268320013,7.794102648290035,26.169126213580956,6.67,Negative,eCPM
2023-04-10,17.70103970912451,9.049092721732187,27.159509813541398,8.85,Negative,eCPM
2023-04-11,17.520886529941045,8.647016383704548,26.729617576324248,10.99,Normal,eCPM
2023-04-12,18.048704700489175,9.570097616439915,26.34077243901794,8.19,Negative,eCPM
2023-04-13,16.963924914370722,7.56722572206604,25.54550751426419,11.25,Normal,eCPM
2023-04-14,16.59845474628169,7.966035267294349,25.53178419859717,8.2,Normal,eCPM
2023-04-15,16.29943584988236,7.419678642669454,25.110798735859845,11.29,Normal,eCPM
2023-04-16,16.537685414496643,8.407360609826986,25.40519921224404,11.24,Normal,eCPM
2023-04-17,16.90553042262316,8.318927756084081,25.5615135456383,4.69,Negative,eCPM
2023-04-18,16.667638145401558,8.98522178566364,25.397640533335256,8.09,Negative,eCPM
2023-04-19,17.179445116243844,8.34087265402603,26.20197682220151,13.86,Normal,eCPM
2023-04-20,16.12109380636918,7.940514919131888,25.230275404855284,11.08,Normal,eCPM
2023-04-21,15.82402819848158,6.62485929979088,24.223706177946234,6.03,Negative,eCPM
2023-04-22,15.633738158080785,6.466579303777411,24.303414619499147,4.66,Negative,eCPM
2023-04-23,16.01822188102434,7.384100208375473,25.578193364046307,12.45,Normal,eCPM
2023-04-24,16.56587506666688,8.392983374860863,24.796300158093654,15.95,Normal,eCPM
2023-04-25,16.536409389202746,7.766150695043767,25.259556234987333,30.5,Positive,eCPM
2023-04-26,17.279400680478656,8.907413913335526,26.117096390890648,5.07,Negative,eCPM
2023-04-27,16.46837329470987,7.92787618578466,25.54135988108763,9.91,Normal,eCPM
2023-04-28,16.427568236088696,8.014354538593127,25.07629424647904,23.65,Normal,eCPM
2023-04-29,16.49488056031328,7.346788862207165,25.10470076012109,22.94,Normal,eCPM
2023-04-30,17.13053027989522,7.9385562091645925,26.0441856601601,10.16,Normal,eCPM
2023-05-01,17.915169845949883,8.931015509244828,26.851459884391375,17.14,Normal,eCPM
2023-05-02,18.101024824760692,9.434970755244061,26.458800103669216,11.76,Normal,eCPM
2023-05-03,19.030662012108138,10.048868465458163,27.508080315378844,7.52,Negative,eCPM
2023-05-04,18.3712852407409,9.615943732480533,26.41858063123436,7.68,Negative,eCPM
2023-05-05,18.44170037580418,9.918623594175841,26.981411300385247,14.91,Normal,eCPM
2023-05-06,18.575429225200384,9.997345507604063,27.05617127229281,17.33,Normal,eCPM
2023-05-07,19.229531278729564,10.249190117630114,27.851093817765225,11.56,Normal,eCPM
2023-05-08,19.982831656929616,10.735148928031558,28.844985340327625,13.08,Normal,eCPM
2023-05-09,20.087147959582587,11.222902046120964,29.04379271622808,15.07,Normal,eCPM
2023-05-10,20.886107212834037,12.612609468380253,29.527964598826753,26.67,Normal,eCPM
2023-05-11,20.049451107439396,11.732952058111284,28.184382268474785,15.35,Normal,eCPM
2023-05-12,19.899970012183214,11.540147400384067,29.34316391308036,6.66,Negative,eCPM
2023-05-13,19.776545573342748,11.337091079641466,29.13155616928904,6.0,Negative,eCPM
2023-05-14,20.14286200517039,12.055809065461958,28.76630231783811,5.77,Negative,eCPM
2023-05-15,20.585486732679833,11.603998070455543,29.434135157898268,22.41,Normal,eCPM
2023-05-16,20.364916398087765,11.545679426475417,28.854840077522695,17.22,Normal,eCPM
2023-05-17,20.834183714590317,11.63747722259974,30.329835862997243,11.72,Normal,eCPM
2023-05-18,19.672928503117948,10.568170949508092,28.014723019078207,4.41,Negative,eCPM
2023-05-19,19.21407926789438,10.095245513051967,27.52789433499494,3.49,Negative,eCPM
2023-05-20,18.806631570880704,10.291036547387655,27.424287066027922,6.66,Negative,eCPM
2023-05-21,18.924090168408537,10.528750366119068,28.96577022093171,8.32,Negative,eCPM
2023-05-22,19.162282657091215,11.10030231415185,28.12721829972549,17.78,Normal,eCPM
2023-05-23,18.790147764530108,10.471138953802326,27.99235858558242,11.41,Normal,eCPM
2023-05-24,19.168100738557104,10.885905343423106,27.856260672227453,10.16,Negative,eCPM
2023-05-25,17.9818857971243,10.073157380577772,27.337133873630833,13.19,Normal,eCPM
2023-05-26,17.569068095140068,8.65159250654657,25.684462874691707,9.29,Normal,eCPM
2023-05-27,17.281656873670507,8.480171446055746,25.898116966603357,8.5,Normal,eCPM
2023-05-28,17.59443131284987,9.489555277524634,25.965813376804153,6.16,Negative,eCPM
2023-05-29,18.102680416249424,9.507353405210877,26.346876172793333,13.25,Normal,eCPM
2023-05-30,18.072962560568833,9.268148467770292,27.38533615763087,11.59,Normal,eCPM
2023-05-31,18.86148850424386,10.108493423068625,27.6572123779116,8.44,Negative,eCPM
2023-06-01,18.148037952504545,9.346832077993914,27.00957254309504,9.3,Negative,eCPM
2023-06-02,18.26256105300233,9.548504771690213,27.61254047936992,7.41,Negative,eCPM
2023-06-03,18.547954206412207,10.076956428191592,27.371899264761534,14.37,Normal,eCPM
2023-06-04,19.46857828534144,10.820760369330925,28.45074086572107,8.83,Negative,eCPM
2023-06-05,20.608226096541056,11.25172729380441,28.846877718910633,12.39,Normal,eCPM
2023-06-06,21.221139274604333,11.893970730633923,29.930428789931142,15.83,Normal,eCPM
2023-06-07,22.650672139643206,14.051836662899465,31.95622952391818,15.94,Normal,eCPM
2023-06-08,22.563505700251895,13.576420903301935,30.891472962813353,16.42,Normal,eCPM
2023-06-09,23.276555782907685,14.454472414944362,31.91386131681101,16.1,Normal,eCPM
2023-06-10,24.120056994402326,15.432785721613513,32.791204847946794,10.04,Negative,eCPM
2023-06-11,25.54638284829703,16.88597030248622,34.00503445965694,18.32,Normal,eCPM
2023-06-12,27.128301246852853,18.613152397296293,35.71236749224823,9.14,Negative,eCPM
2023-06-13,28.110258182499276,19.374791795498123,36.75779047804877,14.06,Negative,eCPM
2023-06-14,29.827280379695544,21.240852086957908,39.274263345426824,31.64,Normal,eCPM
2023-06-15,29.939393938990605,21.943310543642653,38.85299520782999,17.46,Negative,eCPM
2023-06-16,30.758697698923037,22.07685110188336,39.71002411277148,19.44,Negative,eCPM
2023-06-17,31.612568750283472,23.705238119810012,40.32519585564881,7.34,Negative,eCPM
2023-06-18,32.95255726851563,24.08735882470964,41.623055924062214,50.85,Positive,eCPM
2023-06-19,34.3526678813051,25.15970098277967,42.90171256190651,87.13,Positive,eCPM
2023-06-20,35.060619704901,26.288600719141304,43.71613200526506,90.75,Positive,eCPM
2023-06-21,36.416676302826545,27.350704336292615,45.0319852768559,111.75,Positive,eCPM
2023-06-22,36.08794441158573,27.55538475147365,45.15084187058972,78.09,Positive,eCPM
2023-06-23,36.395283135109075,27.244013441509445,45.24010163989347,68.31,Positive,eCPM
2023-06-24,36.67630515354862,27.917323056929586,45.536086125899885,60.05,Positive,eCPM
2023-06-25,37.39403224011709,28.199853126598963,46.11622878126547,54.92,Positive,eCPM
2023-06-26,38.13490831334238,29.416215494357385,47.16432015562189,37.19,Normal,eCPM
2023-06-27,38.15976889298216,28.71848775108954,46.76443874473823,40.53,Normal,eCPM
2023-06-28,38.82236549605172,30.27174288628204,47.32679585016005,52.59,Positive,eCPM
2023-06-29,37.80335145779007,28.8671869178684,45.954058260245475,39.6,Normal,eCPM
2023-06-30,37.43687867761376,28.7092275421585,45.942471151366114,56.34,Positive,eCPM
2023-07-01,37.07329458912283,29.10883317611867,45.79106706576056,39.09,Normal,eCPM
2023-07-02,37.187509155479916,29.11466936067391,46.25704678366499,33.7,Normal,eCPM
2023-07-03,37.3767421856775,28.445528129020683,46.57857251650429,40.75,Normal,eCPM
2023-07-04,36.91125628724634,27.422752520267835,46.396131555628315,51.48,Positive,eCPM
2023-07-05,37.15267965448338,28.66899570483728,45.501938268342855,56.83,Positive,eCPM
2023-07-06,35.787829912457326,27.696523612284796,44.37393796471166,33.48,Normal,eCPM
2023-07-07,35.15519220790366,26.619493174920134,44.045204235734104,25.22,Negative,eCPM
2023-07-08,34.60754340389622,25.542787706195387,43.73889151835515,55.42,Positive,eCPM
2023-07-09,34.620293545819536,25.531615146680885,43.68513317770928,64.5,Positive,eCPM
2023-07-10,34.78925504203498,25.910006384716652,43.06231920874907,47.14,Positive,eCPM
2023-07-11,34.38144381054772,25.61498192892362,42.5841869216607,48.97,Positive,eCPM
2023-07-12,34.75351435176459,25.408486126352468,43.67246905088669,61.02,Positive,eCPM
2023-07-13,33.58573662303182,25.267171941012897,41.983728765799164,37.78,Normal,eCPM
2023-07-14,33.208663552858454,23.75257171849165,41.64543918748966,44.42,Positive,eCPM
2023-07-15,32.96597581347588,24.088819508422333,41.21884523608164,30.92,Normal,eCPM
2023-07-16,33.32306904122375,24.865333991552035,42.01743186884235,45.79,Positive,eCPM
2023-07-17,33.865087394741366,25.013039144474988,41.779681741338834,35.32,Normal,eCPM
2023-07-18,33.848000750586266,24.835111747737876,42.79894590841257,21.89,Negative,eCPM
2023-07-19,34.61732033318295,25.727749158081867,43.832672305343316,30.98,Normal,eCPM
2023-07-20,33.84235347013176,24.62741827926045,42.28267419715327,36.98,Normal,eCPM
2023-07-21,33.84313929333178,24.866653347570175,42.62517291221846,34.91,Normal,eCPM
2023-07-22,33.95354533651935,25.71776881262528,43.39661121325178,39.03,Normal,eCPM
2023-07-23,34.630084070915686,26.09627947008375,43.24653959768491,34.86,Normal,eCPM
2023-07-24,35.450147796265966,26.96844764684396,43.95656053590442,,Normal,eCPM
2023-07-25,35.66325452420355,26.410459291847605,44.88559517514317,,Normal,eCPM
2023-07-26,36.609895910397945,28.72427075737196,45.37994414379916,,Normal,eCPM
2023-07-27,35.95588519305559,26.557686932236916,44.31434272712642,,Normal,eCPM
2023-07-28,36.01934529010825,26.912580383484563,44.91437830934761,,Normal,eCPM
2023-07-29,36.13381643046504,28.06563962381824,44.96781078299918,,Normal,eCPM
2023-07-30,36.75704287745125,28.0939475720187,45.55664869710087,,Normal,eCPM
