Date,Country,Est. earnings (USD),Observed eCPM (USD),Requests,Impressions,Clicks,Bid requests,Bids in auction
2021-01-01,United States,0.1,4.33,130,24,3,130,0
2021-01-02,Nigeria,0.06,2.93,137,19,0,137,0
2021-01-03,United Kingdom,0.19,6.39,180,30,2,180,0
2021-01-04,New Zealand,0.36,11.36,148,32,2,148,0
2021-01-05,France,0.09,3.94,143,23,1,143,0
2021-01-06,United Arab Emirates,0.13,6.46,132,20,2,132,0
2021-01-07,Türkiye,0.05,3.95,98,13,1,98,0
2021-01-08,Canada,0.51,7.8,323,66,9,323,0
2021-01-09,Italy,0.4,3.27,424,123,12,424,0
2021-01-10,Germany,0.61,4.57,451,133,9,451,0
2021-01-11,India,0.27,4.92,237,54,2,237,0
2021-01-12,Ghana,0.27,4.84,237,55,9,237,0
2021-01-13,Austria,0.16,4.59,213,35,1,213,0
2021-01-14,Philippines,0.11,4.61,215,23,3,215,0
2021-01-15,Saudi Arabia,0.12,4.77,258,26,3,258,0
2021-01-16,Poland,0.26,6.15,273,42,18,273,0
2021-01-17,South Africa,0.55,4.39,377,126,6,377,0
2021-01-18,Ireland,0.14,5.56,283,26,10,283,0
2021-01-19,Kenya,0.15,7.57,263,20,1,263,0
2021-01-20,Australia,0.12,3.97,299,29,7,299,0
2021-01-21,Brazil,0.14,8.8,231,16,7,231,0
2021-01-22,South Korea,0.05,2.89,264,19,2,264,0
2021-01-23,Cyprus,0.18,4.24,258,42,7,258,0
2021-01-24,Zambia,0.13,5.87,266,22,0,266,0
2021-01-25,US Virgin Islands,0.19,7.82,269,24,13,269,0
2021-01-26,Mexico,0.25,10.08,309,25,1,309,0
2021-01-27,Côte d’Ivoire,0.36,10.51,268,34,4,268,0
2021-01-28,Argentina,0.16,6.12,337,26,1,337,0
2021-01-29,Senegal,0.04,5.42,185,8,0,185,0
2021-01-30,Thailand,0.05,3.48,174,15,2,174,0
2021-01-31,Algeria,0.09,4.28,217,21,1,217,0
2021-02-01,Chile,0.63,16.52,297,38,2,297,0
2021-02-02,Togo,0.7,20.13,352,35,1,352,0
2021-02-03,Hungary,0.16,7.6,402,21,5,402,0
2021-02-04,Fiji,0.09,13.02,354,7,0,354,0
2021-02-05,Bangladesh,0.11,9.9,201,11,0,201,0
2021-02-06,China,0.31,13.01,195,24,6,195,0
2021-02-07,Unknown Region,0.02,3.87,201,6,0,201,0
2021-02-08,Finland,0.19,9.64,279,20,1,279,0
2021-02-09,Puerto Rico,0.32,11.29,259,28,7,259,0
2021-02-10,Uganda,0.14,4.29,270,33,0,270,0
2021-02-11,Spain,0.24,8.07,333,30,0,333,0
2021-02-12,Armenia,0.29,8.96,306,32,1,306,0
2021-02-13,Benin,0.2,3.77,420,53,0,420,0
2021-02-14,Sweden,0.22,4.87,329,46,3,329,0
2021-02-15,Libya,0.07,2.44,242,27,0,242,0
2021-02-16,Tanzania,0.16,4.11,597,38,0,597,0
2021-02-17,Cameroon,0.14,4.11,355,34,1,355,0
2021-02-18,Pakistan,0.14,7.14,282,20,0,282,0
2021-02-19,Congo - Brazzaville,0.25,5.85,361,42,0,361,0
2021-02-20,Czechia,0.09,2.12,387,43,1,387,0
2021-02-21,Gabon,0.41,13.07,350,31,4,350,0
2021-02-22,Guinea,0.28,12.2,331,23,2,331,0
2021-02-23,Barbados,0.09,2.11,387,43,1,387,0
2021-02-24,Congo - Kinshasa,1.11,14.47,370,77,0,370,0
2021-02-25,Jordan,0.37,4.86,395,76,1,395,0
2021-02-26,Mauritius,0.45,8.91,348,50,0,348,0
2021-02-27,Ukraine,0.08,1.16,464,73,2,464,0
2021-02-28,Vietnam,0.73,9.76,441,75,0,441,0
2021-03-01,Ethiopia,0.3,4.92,385,60,0,385,0
2021-03-02,Liberia,0.13,2.84,461,44,1,461,0
2021-03-03,United States,0.58,4.69,546,124,7,546,0
2021-03-04,Nigeria,0.18,1.45,465,124,0,465,0
2021-03-05,United Kingdom,0.26,2.49,1307,106,2,1307,0
2021-03-06,New Zealand,0.22,4.21,453,53,1,453,0
2021-03-07,France,0.23,2.67,535,85,1,535,0
2021-03-08,United Arab Emirates,1.44,7.36,666,196,3,666,0
2021-03-09,Türkiye,0.19,1.11,824,173,1,824,0
2021-03-10,Canada,0.25,2.23,542,112,1,542,0
2021-03-11,Italy,0.59,7.17,444,82,2,444,0
2021-03-12,Germany,0.39,5.33,526,73,1,526,0
2021-03-13,India,0.49,4.73,553,104,0,553,0
2021-03-14,Ghana,0.18,4.13,393,44,0,393,0
2021-03-15,Austria,0.25,6.9,368,36,0,368,0
2021-03-16,Philippines,0.62,8.86,426,70,2,426,0
2021-03-17,Saudi Arabia,0.16,2.18,391,72,3,391,0
2021-03-18,Poland,0.44,8.87,466,50,7,466,0
2021-03-19,South Africa,0.22,2.17,593,100,0,593,0
2021-03-20,Ireland,0.15,2.03,398,73,0,398,0
2021-03-21,Kenya,0.43,7.07,413,61,0,413,0
2021-03-22,Australia,0.41,4.37,483,94,0,483,0
2021-03-23,Brazil,1.01,8.82,543,115,2,543,0
2021-03-24,South Korea,0.56,3.42,636,164,3,636,0
2021-03-25,Cyprus,0.3,2.72,571,111,2,571,0
2021-03-26,Zambia,0.46,8.31,477,55,4,477,0
2021-03-27,US Virgin Islands,0.53,6.23,522,85,7,522,0
2021-03-28,Mexico,0.7,6.64,716,106,0,716,0
2021-03-29,Côte d’Ivoire,0.85,4.08,628,208,4,628,0
2021-03-30,Argentina,0.76,3.51,802,215,6,802,0
2021-03-31,Senegal,0.57,4.51,601,127,4,601,0
2021-04-01,Thailand,0.9,8.09,562,111,8,562,0
2021-04-02,Algeria,0.94,8.68,535,108,0,535,0
2021-04-03,Chile,0.53,4.27,604,123,0,604,0
2021-04-04,Togo,0.87,24.24,497,36,2,497,0
2021-04-05,Hungary,0.9,12.64,520,71,1,520,0
2021-04-06,Fiji,0.54,12.91,539,42,0,539,0
2021-04-07,Bangladesh,0.52,7.56,557,69,10,557,0
2021-04-08,China,1.39,18.08,541,77,3,541,0
2021-04-09,Unknown Region,1.43,16.84,572,85,1,572,0
2021-04-10,Finland,1.4,26.42,586,53,6,586,0
2021-04-11,Puerto Rico,1.01,16.32,625,62,0,625,0
2021-04-12,Uganda,0.73,4.42,804,166,3,804,0
2021-04-13,Spain,1.06,10.01,672,106,30,672,0
2021-04-14,Armenia,1,5.92,743,169,5,743,0
2021-04-15,Benin,0.73,6.87,662,107,3,662,0
2021-04-16,Sweden,0.66,5.25,699,126,5,699,0
2021-04-17,Libya,1,7.64,805,131,4,805,0
2021-04-18,Tanzania,1.14,3.83,1042,298,8,1042,0
2021-04-19,Cameroon,0.36,3.92,572,91,2,572,0
2021-04-20,Pakistan,1.07,4.44,695,242,6,695,0
2021-04-21,Congo - Brazzaville,0.65,6.46,525,100,11,525,0
2021-04-22,Czechia,0.66,4.86,574,135,0,574,0
2021-04-23,Gabon,0.57,4.14,622,137,2,622,0
2021-04-24,Guinea,0.38,2.35,616,163,5,616,0
2021-04-25,Barbados,0.25,1.95,566,130,4,566,0
2021-04-26,Congo - Kinshasa,0.56,4.57,526,122,5,526,0
2021-04-27,Jordan,0.57,5.36,485,107,0,485,0
2021-04-28,Mauritius,0.36,3.53,508,102,9,508,0
2021-04-29,Ukraine,0.4,2.91,572,137,2,572,0
2021-04-30,Vietnam,0.42,4.18,436,100,1,436,0
2021-05-01,Ethiopia,0.69,6.03,470,115,5,470,0
2021-05-02,Liberia,0.72,5.78,534,124,2,534,0
2021-05-03,United States,0.61,5.46,481,111,4,481,0
2021-05-04,Nigeria,0.53,4.77,439,112,3,439,0
2021-05-05,United Kingdom,0.48,8.48,516,57,9,516,0
2021-05-06,New Zealand,0.29,12.62,436,23,12,436,0
2021-05-07,France,0.18,3.17,404,57,0,404,0
2021-05-08,United Arab Emirates,0.62,10.47,486,59,2,486,0
2021-05-09,Türkiye,0.43,3.8,495,113,3,495,0
2021-05-10,Canada,0.69,7.54,474,92,4,474,0
2021-05-11,Italy,1.12,7.16,602,156,6,602,0
2021-05-12,Germany,0.85,4.78,626,177,13,626,0
2021-05-13,India,0.5,7.28,486,68,1,486,0
2021-05-14,Ghana,0.38,4.92,535,77,1,535,0
2021-05-15,Austria,1.32,28.7,1193,46,0,1193,0
2021-05-16,Philippines,0.79,5.64,1012,140,4,1012,0
2021-05-17,Saudi Arabia,0.85,10.37,811,82,2,811,0
2021-05-18,Poland,0.43,6.39,788,68,3,788,0
2021-05-19,South Africa,0.3,2.88,997,105,1,997,0
2021-05-20,Ireland,0.38,5.57,1058,68,2,1058,0
2021-05-21,Kenya,0.39,8.97,859,44,0,859,0
2021-05-22,Australia,0.56,4.52,1110,123,8,1110,0
2021-05-23,Brazil,0.17,1.91,952,91,0,952,0
2021-05-24,South Korea,0.43,3.94,1003,108,2,1003,0
2021-05-25,Cyprus,0.64,5.8,944,111,2,944,0
2021-05-26,Zambia,0.84,4.42,1501,191,6,1501,0
2021-05-27,US Virgin Islands,0.53,2.78,1302,192,1,1302,0
2021-05-28,Mexico,1.41,13.59,1104,104,8,1104,0
2021-05-29,Côte d’Ivoire,0.55,4.17,1118,131,4,1118,0
2021-05-30,Argentina,0.41,2.84,1169,143,0,1169,0
2021-05-31,Senegal,0.37,3.96,1206,94,2,1206,0
2021-06-01,Thailand,0.85,8.1,1047,105,2,1047,0
2021-06-02,Algeria,1.4,9.94,1346,141,4,1346,0
2021-06-03,Chile,0.61,6,1267,102,1,1267,0
2021-06-04,Togo,0.84,8.24,1916,102,4,1916,0
2021-06-05,Hungary,0.79,9.66,1295,82,1,1295,0
2021-06-06,Fiji,0.49,3.82,1451,127,2,1451,0
2021-06-07,Bangladesh,0.74,6.72,1757,110,0,1757,0
2021-06-08,China,0.36,5.29,2427,69,2,2427,0
2021-06-09,Unknown Region,0.89,8.54,1242,104,6,1242,0
2021-06-10,Finland,0.6,9.23,1295,65,1,1295,0
2021-06-11,Puerto Rico,1.33,14.15,1310,94,5,1310,0
2021-06-12,Uganda,0.67,5.77,1325,117,2,1325,0
2021-06-13,Spain,1.23,7.33,1879,168,10,1879,0
2021-06-14,Armenia,0.72,5.16,3087,139,1,3087,0
2021-06-15,Benin,1.03,9.63,1492,107,2,1492,0
2021-06-16,Sweden,0.55,6.09,1206,90,5,1206,0
2021-06-17,Libya,0.95,11.2,1221,85,2,1221,0
2021-06-18,Tanzania,0.62,10.47,1314,59,0,1314,0
2021-06-19,Cameroon,0.81,10.27,1548,79,0,1548,0
2021-06-20,Pakistan,0.75,7.77,1425,97,2,1425,0
2021-06-21,Congo - Brazzaville,0.65,7.07,1753,92,6,1753,0
2021-06-22,Czechia,0.69,6.84,1201,101,15,1201,0
2021-06-23,Gabon,0.44,6.1,1163,72,1,1163,0
2021-06-24,Guinea,0.69,5.43,1346,127,0,1346,0
2021-06-25,Barbados,0.69,7.45,1589,93,1,1589,0
2021-06-26,Congo - Kinshasa,0.54,5.44,1273,100,0,1273,0
2021-06-27,Jordan,0.76,5.99,1589,127,1,1589,0
2021-06-28,Mauritius,1.09,10.59,1527,103,2,1527,0
2021-06-29,Ukraine,0.57,2.53,1779,227,4,1779,0
2021-06-30,Vietnam,0.74,7.84,2013,94,2,2013,0
2021-07-01,Ethiopia,0.54,3.65,1589,147,1,1589,0
2021-07-02,Liberia,3.67,19.96,1698,184,8,1698,0
2021-07-03,United States,1.24,9.2,1687,135,7,1687,0
2021-07-04,Nigeria,2.33,12.46,1824,187,9,1824,0
2021-07-05,United Kingdom,2.17,12.19,2029,178,2,2029,0
2021-07-06,New Zealand,1.14,8.54,1794,133,1,1794,0
2021-07-07,France,1.41,8.58,1957,165,6,1957,0
2021-07-08,United Arab Emirates,0.95,9.1,1573,104,8,1573,0
2021-07-09,Türkiye,0.9,6.54,1602,138,0,1602,0
2021-07-10,Canada,1.64,12.68,1659,129,5,1659,0
2021-07-11,Italy,1.37,10.5,1478,130,6,1478,0
2021-07-12,Germany,0.18,2.21,1601,81,0,1601,0
2021-07-13,India,0.18,2.24,1308,82,1,1308,0
2021-07-14,Ghana,0.51,4.4,1531,115,5,1531,0
2021-07-15,Austria,0.6,3.19,1982,189,1,1982,0
2021-07-16,Philippines,0.71,4.43,1543,161,4,1543,0
2021-07-17,Saudi Arabia,0.3,7.22,2613,42,1,2613,0
2021-07-18,Poland,0.98,19.5,1650,50,2,1650,0
2021-07-19,South Africa,0.92,10.67,2530,86,4,2530,0
2021-07-20,Ireland,0.65,14.06,1730,46,1,1730,0
2021-07-21,Kenya,0.63,11.47,1777,55,5,1777,0
2021-07-22,Australia,0.7,9.25,1757,76,0,1757,0
2021-07-23,Brazil,1.03,10.23,1618,101,9,1618,0
2021-07-24,South Korea,1.08,14.99,1586,72,18,1586,0
2021-07-25,Cyprus,0.34,4.49,2597,76,1,2597,0
2021-07-26,Zambia,2.85,42.6,2128,67,2,2128,0
2021-07-27,US Virgin Islands,1.24,22.63,1507,55,2,1507,0
2021-07-28,Mexico,0.47,8.47,1531,55,2,1531,0
2021-07-29,Côte d’Ivoire,0.47,5.29,1668,88,1,1668,0
2021-07-30,Argentina,0.38,11.52,1664,33,0,1664,0
2021-07-31,Senegal,0.72,7.31,1861,99,2,1861,0
2021-08-01,Thailand,0.36,7.32,1611,49,7,1611,0
2021-08-02,Algeria,0.88,13.41,1350,66,11,1350,0
2021-08-03,Chile,1.12,22.36,1623,50,3,1623,0
2021-08-04,Togo,0.46,7.32,1694,63,6,1694,0
2021-08-05,Hungary,0.53,11.37,1511,47,0,1511,0
2021-08-06,Fiji,0.86,13.46,1533,64,6,1533,0
2021-08-07,Bangladesh,1.62,24.93,1683,65,2,1683,0
2021-08-08,China,1.88,29.41,1897,64,15,1897,0
2021-08-09,Unknown Region,0.97,4.35,2017,224,2,2017,0
2021-08-10,Finland,0.93,4.94,1830,189,4,1830,0
2021-08-11,Puerto Rico,0.83,14.52,1465,57,4,1465,0
2021-08-12,Uganda,1.45,20.73,1664,70,16,1664,0
2021-08-13,Spain,0.94,7.87,1728,119,2,1728,0
2021-08-14,Armenia,0.54,2.39,2040,225,2,2040,0
2021-08-15,Benin,0.93,6.81,1909,137,8,1909,0
2021-08-16,Sweden,1.05,6.79,2091,155,7,2091,0
2021-08-17,Libya,0.7,9.09,1641,77,1,1641,0
2021-08-18,Tanzania,1.24,7.91,1837,157,39,1837,0
2021-08-19,Cameroon,1.22,14.3,1826,85,4,1826,0
2021-08-20,Pakistan,0.81,7.63,2065,106,7,2065,0
2021-08-21,Congo - Brazzaville,1.13,5.96,2191,189,11,2191,0
2021-08-22,Czechia,0.86,3.48,1887,247,7,1887,0
2021-08-23,Gabon,0.44,8,1643,55,4,1643,0
2021-08-24,Guinea,0.73,3.78,1861,192,9,1861,0
2021-08-25,Barbados,0.87,5.72,1826,153,5,1826,0
2021-08-26,Congo - Kinshasa,0.61,3.1,1867,197,13,1867,0
2021-08-27,Jordan,0.55,1.99,2177,279,26,2177,0
2021-08-28,Mauritius,0.42,5.17,1798,82,5,1798,0
2021-08-29,Ukraine,0.73,3.66,2102,198,13,2102,0
2021-08-30,Vietnam,0.5,6.22,2887,81,6,2887,0
2021-08-31,Ethiopia,0.39,2.19,1620,179,3,1620,0
2021-09-01,Liberia,0.56,7.11,1815,79,15,1815,0
2021-09-02,United States,0.6,8.42,1808,71,6,1808,0
2021-09-03,Nigeria,0.43,5.32,1687,80,5,1687,0
2021-09-04,United Kingdom,0.84,11.49,1534,73,5,1534,0
2021-09-05,New Zealand,1.28,13.3,1616,96,12,1616,0
2021-09-06,France,0.52,6.7,1632,78,13,1632,0
2021-09-07,United Arab Emirates,0.44,3.64,1632,121,4,1632,0
2021-09-08,Türkiye,1.01,18.05,2111,56,4,2111,0
2021-09-09,Canada,0.49,7.15,1552,68,0,1552,0
2021-09-10,Italy,0.76,6.89,2778,110,2,2778,0
2021-09-11,Germany,1.14,6.88,1681,165,5,1681,0
2021-09-12,India,1.37,17.11,1863,80,9,1863,0
2021-09-13,Ghana,1.69,14.67,3116,115,2,3116,0
2021-09-14,Austria,1.51,16.22,1711,93,10,1711,0
2021-09-15,Philippines,0.97,11.74,2961,83,3,2961,0
2021-09-16,Saudi Arabia,0.63,7.91,2545,80,4,2545,0
2021-09-17,Poland,0.33,4.85,1692,68,3,1692,0
2021-09-18,South Africa,0.44,6.33,1610,70,0,1610,0
2021-09-19,Ireland,1.07,14.05,1732,76,6,1732,0
2021-09-20,Kenya,0.81,15.34,1797,53,5,1797,0
2021-09-21,Australia,0.73,14.4,1578,51,2,1578,0
2021-09-22,Brazil,1.1,17,2447,65,3,2447,0
2021-09-23,South Korea,1.45,20.95,1572,69,2,1572,0
2021-09-24,Cyprus,0.73,14.98,1843,49,6,1843,0
2021-09-25,Zambia,0.38,6.93,1663,55,2,1663,0
2021-09-26,US Virgin Islands,0.84,16.71,1976,50,5,1976,0
2021-09-27,Mexico,0.54,4.42,1847,123,2,1847,0
2021-09-28,Côte d’Ivoire,0.94,6.17,2785,153,4,2785,0
2021-09-29,Argentina,1.44,10.93,1904,132,3,1904,0
2021-09-30,Senegal,0.75,3.92,1822,192,4,1822,0
2021-10-01,Thailand,0.87,6.47,1736,134,9,1736,0
2021-10-02,Algeria,0.83,8.46,1938,98,6,1938,0
2021-10-03,Chile,0.4,2.59,1527,153,4,1527,0
2021-10-04,Togo,0.73,4.89,2538,150,10,2538,0
2021-10-05,Hungary,1.21,10.11,1364,120,4,1364,0
2021-10-06,Fiji,0.7,5.42,1500,130,3,1500,0
2021-10-07,Bangladesh,1.24,7.81,1778,159,6,1778,0
2021-10-08,China,0.68,2.57,1703,265,4,1703,0
2021-10-09,Unknown Region,0.84,3.15,1771,265,4,1771,0
2021-10-10,Finland,0.79,4.3,2348,185,3,2348,0
2021-10-11,Puerto Rico,0.72,10.84,1456,66,10,1456,0
2021-10-12,Uganda,1.36,15.08,1978,90,7,1978,0
2021-10-13,Spain,0.83,7,1866,118,4,1866,0
2021-10-14,Armenia,0.89,7.43,1506,120,11,1506,0
2021-10-15,Benin,1.17,6.5,1604,180,13,1604,0
2021-10-16,Sweden,0.95,8.54,1732,111,11,1732,0
2021-10-17,Libya,0.76,6.8,1555,112,13,1555,0
2021-10-18,Tanzania,1.24,9.5,2037,130,8,2037,0
2021-10-19,Cameroon,0.93,6,1584,155,10,1584,0
2021-10-20,Pakistan,0.71,6.99,1257,102,4,1257,0
2021-10-21,Congo - Brazzaville,1.04,5.53,1509,189,22,1509,0
2021-10-22,Czechia,1.4,11.86,1532,118,14,1532,0
2021-10-23,Gabon,0.49,4.66,1882,106,1,1882,0
2021-10-24,Guinea,0.62,3.69,1649,167,6,1649,0
2021-10-25,Barbados,0.86,3.26,1683,265,8,1683,0
2021-10-26,Congo - Kinshasa,1.18,6.27,1473,188,10,1473,0
2021-10-27,Jordan,0.58,2.22,1871,262,0,1871,0
2021-10-28,Mauritius,1.24,4.33,2264,287,9,2264,0
2021-10-29,Ukraine,0.89,5.33,1630,167,9,1630,0
2021-10-30,Vietnam,0.78,5.3,1603,147,7,1603,0
2021-10-31,Ethiopia,1.22,4.28,2239,285,6,2239,0
2021-11-01,Liberia,0.66,3,1808,220,5,1808,0
2021-11-02,United States,0.85,2.96,1740,286,12,1740,0
2021-11-03,Nigeria,0.71,3.3,2301,214,3,2301,0
2021-11-04,United Kingdom,1.63,5.57,1862,292,8,1862,0
2021-11-05,New Zealand,0.88,5.23,2090,168,7,2090,0
2021-11-06,France,1.01,6.64,2029,152,7,2029,0
2021-11-07,United Arab Emirates,1.36,13.08,1617,104,8,1617,0
2021-11-08,Türkiye,0.78,4.83,1856,161,6,1856,0
2021-11-09,Canada,1.13,5.04,1664,224,9,1664,0
2021-11-10,Italy,0.78,3.18,1868,246,3,1868,0
2021-11-11,Germany,0.61,5.38,1459,113,3,1459,0
2021-11-12,India,0.74,4.39,1545,169,7,1545,0
2021-11-13,Ghana,0.8,3.85,2042,207,10,2042,0
2021-11-14,Austria,1.41,6.49,2260,217,10,2260,0
2021-11-15,Philippines,0.78,7.19,1671,109,4,1671,0
2021-11-16,Saudi Arabia,0.56,3.87,1625,145,8,1625,0
2021-11-17,Poland,1.01,9,1629,112,12,1629,0
2021-11-18,South Africa,1.41,7.43,1812,190,4,1812,0
2021-11-19,Ireland,0.45,3.91,1449,116,1,1449,0
2021-11-20,Kenya,0.51,2.51,1355,203,5,1355,0
2021-11-21,Australia,1.09,3.97,1877,275,15,1877,0
2021-11-22,Brazil,0.63,3.16,1803,200,6,1803,0
2021-11-23,South Korea,0.25,1.46,1721,170,4,1721,0
2021-11-24,Cyprus,0.6,6.21,1444,96,2,1444,0
2021-11-25,Zambia,0.46,2.95,1818,157,4,1818,0
2021-11-26,US Virgin Islands,0.25,2.61,1464,97,1,1464,0
2021-11-27,Mexico,1.34,6.55,1883,204,15,1883,0
2021-11-28,Côte d’Ivoire,1.05,4.2,2419,250,8,2419,0
2021-11-29,Argentina,0.73,6.18,1630,118,9,1630,0
2021-11-30,Senegal,0.65,3.18,1817,204,9,1817,0
2021-12-01,Thailand,0.8,9.07,1532,88,6,1532,0
2021-12-02,Algeria,0.74,4.76,1792,156,5,1792,0
2021-12-03,Chile,0.82,7.57,2734,108,11,2734,0
2021-12-04,Togo,0.57,5.83,1687,98,6,1687,0
2021-12-05,Hungary,1.37,5.36,2050,255,4,2050,0
2021-12-06,Fiji,0.67,3.78,1916,177,8,1916,0
2021-12-07,Bangladesh,1.01,6.1,1762,166,10,1762,0
2021-12-08,China,0.32,1.33,2323,237,4,2323,0
2021-12-09,Unknown Region,1.03,5.83,2002,177,2,2002,0
2021-12-10,Finland,0.62,7.35,1496,84,1,1496,0
2021-12-11,Puerto Rico,0.59,6.32,1736,94,5,1736,0
2021-12-12,Uganda,0.75,9.95,2442,75,9,2442,0
2021-12-13,Spain,0.33,5.2,1925,64,34,1925,0
2021-12-14,Armenia,0.32,2.98,1509,108,9,1509,0
2021-12-15,Benin,0.77,8.16,1702,94,7,1702,0
2021-12-16,Sweden,0.28,3.06,2271,91,5,2271,0
2021-12-17,Libya,0.76,6.94,1600,109,7,1600,0
2021-12-18,Tanzania,0.74,9.58,1832,77,6,1832,0
2021-12-19,Cameroon,0.95,8.99,1589,106,5,1589,0
2021-12-20,Pakistan,0.67,5.81,1513,116,10,1513,0
2021-12-21,Congo - Brazzaville,0.9,5.44,2771,166,32,2771,0
2021-12-22,Czechia,1.52,11.71,2044,130,8,2044,0
2021-12-23,Gabon,0.7,2.07,1973,338,19,1973,0
2021-12-24,Guinea,0.8,3.33,1728,242,9,1728,0
2021-12-25,Barbados,0.53,3.74,1751,141,6,1751,0
2021-12-26,Congo - Kinshasa,0.89,5.71,1553,156,11,1553,0
2021-12-27,Jordan,0.57,3.04,1640,188,4,1640,0
2021-12-28,Mauritius,1.15,3.63,1823,316,10,1823,0
2021-12-29,Ukraine,0.62,6.5,1690,95,5,1690,0
2021-12-30,Vietnam,1.12,5.98,1792,188,2,1792,0
2021-12-31,Ethiopia,0.61,3.42,1446,177,11,1446,0
2022-01-01,Liberia,0.43,2.07,1779,210,5,1779,0
2022-01-02,United States,1.13,5.35,1642,212,10,1642,0
2022-01-03,Nigeria,0.58,2.82,1575,207,11,1575,0
2022-01-04,United Kingdom,0.31,2.49,1624,125,5,1624,0
2022-01-05,New Zealand,0.22,0.64,1904,343,2,1904,0
2022-01-06,France,0.29,1.45,1670,200,4,1670,0
2022-01-07,United Arab Emirates,0.86,4.1,1697,211,4,1697,0
2022-01-08,Türkiye,0.47,2.43,2311,195,5,2311,0
2022-01-09,Canada,0.4,2.92,2257,137,4,2257,0
2022-01-10,Italy,0.3,6.84,1466,44,1,1466,0
2022-01-11,Germany,0.38,3.76,1907,101,6,1907,0
2022-01-12,India,0.29,5.33,1057,55,2,1057,0
2022-01-13,Ghana,0.55,8.61,1150,64,3,1150,0
2022-01-14,Austria,0.44,12.55,1103,35,2,1103,0
2022-01-15,Philippines,0.47,3.12,1447,150,9,1447,0
2022-01-16,Saudi Arabia,0.6,3.57,1650,167,4,1650,0
2022-01-17,Poland,1.22,13.59,1389,90,3,1389,0
2022-01-18,South Africa,1.33,12.82,1296,104,4,1296,0
2022-01-19,Ireland,0.54,5.54,1259,98,3,1259,0
2022-01-20,Kenya,0.57,4.53,1258,125,7,1258,0
2022-01-21,Australia,0.42,4.86,1320,86,3,1320,0
2022-01-22,Brazil,0.52,6.94,1169,75,7,1169,0
2022-01-23,South Korea,1.37,13.42,1263,102,10,1263,0
2022-01-24,Cyprus,0.86,5.29,1394,162,4,1394,0
2022-01-25,Zambia,0.66,5.09,1799,129,5,1799,0
2022-01-26,US Virgin Islands,0.67,3.74,1372,180,4,1372,0
2022-01-27,Mexico,0.67,6.73,1529,99,4,1529,0
2022-01-28,Côte d’Ivoire,0.61,3.46,1492,177,5,1492,0
2022-01-29,Argentina,0.24,3.79,1865,64,2,1865,0
2022-01-30,Senegal,0.58,4.21,1274,137,3,1274,0
2022-01-31,Thailand,0.3,2.71,1037,112,2,1037,0
2022-02-01,Algeria,0.44,3.67,1226,119,2,1226,0
2022-02-02,Chile,0.96,11.86,1249,81,5,1249,0
2022-02-03,Togo,0.85,6.24,1277,137,5,1277,0
2022-02-04,Hungary,0.48,4.4,1344,109,2,1344,0
2022-02-05,Fiji,0.18,1.08,1775,167,2,1775,0
2022-02-06,Bangladesh,0.58,3.76,1512,155,4,1512,0
2022-02-07,China,0.49,2.56,1972,190,4,1972,0
2022-02-08,Unknown Region,0.37,2.39,1413,156,6,1413,0
2022-02-09,Finland,0.48,2.58,1465,187,1,1465,0
2022-02-10,Puerto Rico,0.65,2.45,1428,266,10,1428,0
2022-02-11,Uganda,0.66,3.75,1299,176,5,1299,0
2022-02-12,Spain,0.72,4.19,1503,171,9,1503,0
2022-02-13,Armenia,0.54,3.67,1517,147,3,1517,0
2022-02-14,Benin,0.95,4.31,1564,221,12,1564,0
2022-02-15,Sweden,0.44,3.86,1633,115,7,1633,0
2022-02-16,Libya,0.81,5.21,1878,156,14,1878,0
2022-02-17,Tanzania,0.43,2.01,1374,212,8,1374,0
2022-02-18,Cameroon,0.39,2.43,1527,159,0,1527,0
2022-02-19,Pakistan,0.59,4.12,1684,143,5,1684,0
2022-02-20,Congo - Brazzaville,0.78,5.15,1443,152,7,1443,0
2022-02-21,Czechia,0.54,1.68,2425,319,8,2425,0
2022-02-22,Gabon,0.57,2.84,1602,202,7,1602,0
2022-02-23,Guinea,0.79,5.7,1469,139,7,1469,0
2022-02-24,Barbados,0.97,3.88,1376,250,15,1376,0
2022-02-25,Congo - Kinshasa,0.44,2.21,1708,199,4,1708,0
2022-02-26,Jordan,0.46,3.84,1725,120,2,1725,0
2022-02-27,Mauritius,0.83,6.95,2138,119,6,2138,0
2022-02-28,Ukraine,0.63,3.13,2240,200,12,2240,0
2022-03-01,Vietnam,0.63,3.78,1429,167,9,1429,0
2022-03-02,Ethiopia,1.18,6.77,2420,174,15,2420,0
2022-03-03,Liberia,0.76,3,3203,254,1,3203,0
2022-03-04,United States,0.36,2.78,3562,130,8,3562,0
2022-03-05,Nigeria,0.95,5.57,3255,170,4,3255,0
2022-03-06,United Kingdom,0.55,3.06,1730,179,4,1730,0
2022-03-07,New Zealand,0.85,3.66,1971,231,9,1971,0
2022-03-08,France,0.58,2.48,1543,233,5,1543,0
2022-03-09,United Arab Emirates,0.53,3.77,1422,141,3,1422,0
2022-03-10,Türkiye,1.15,9.97,1416,115,4,1416,0
2022-03-11,Canada,1.54,8.84,1367,174,6,1367,0
2022-03-12,Italy,0.94,4.04,2005,233,3,2005,0
2022-03-13,Germany,1.01,4.69,2069,216,4,2069,0
2022-03-14,India,1.14,5.46,1525,209,3,1525,0
2022-03-15,Ghana,0.65,4.42,1519,148,3,1519,0
2022-03-16,Austria,0.9,7.35,1540,123,6,1540,0
2022-03-17,Philippines,0.79,6.21,1737,127,5,1737,0
2022-03-18,Saudi Arabia,0.76,2.3,2017,329,10,2017,0
2022-03-19,Poland,0.69,8.33,1799,83,1,1799,0
2022-03-20,South Africa,0.94,13.79,2458,68,3,2458,0
2022-03-21,Ireland,0.38,10.96,22178,35,2,22178,0
2022-03-22,Kenya,0.52,9.48,15334,55,1,15334,0
2022-03-23,Australia,0.43,8.52,22232,50,2,22232,0
2022-03-24,Brazil,0.87,16.5,25527,53,1,25527,0
2022-03-25,South Korea,0.43,1.49,4750,286,5,4750,0
2022-03-26,Cyprus,1.22,4.86,1877,252,21,1877,0
2022-03-27,Zambia,0.86,4.54,1552,190,8,1552,0
2022-03-28,US Virgin Islands,0.63,3.19,1781,196,1,1781,0
2022-03-29,Mexico,1.27,8.79,1559,144,2,1559,0
2022-03-30,Côte d’Ivoire,0.82,4.83,3336,170,5,3336,0
2022-03-31,Argentina,0.52,1.13,1660,456,2,1660,0
2022-04-01,Senegal,0.29,3.95,1318,73,4,1318,0
2022-04-02,Thailand,0.64,6.58,1861,97,4,1861,0
2022-04-03,Algeria,0.44,5.28,1998,83,2,1998,0
2022-04-04,Chile,0.92,8.53,1798,108,5,1798,0
2022-04-05,Togo,1.81,10.53,1695,172,10,1695,0
2022-04-06,Hungary,1.64,16.07,1425,102,9,1425,0
2022-04-07,Fiji,0.81,11.04,1679,73,2,1679,0
2022-04-08,Bangladesh,0.64,7.66,993,84,1,993,0
2022-04-09,China,0.47,11.52,693,41,3,693,0
2022-04-10,Unknown Region,0.6,5.01,1276,119,4,1276,1261
2022-04-11,Finland,1.32,9.81,2069,134,5,2069,2068
2022-04-12,Puerto Rico,0.86,5.2,1831,165,8,1831,1830
2022-04-13,Uganda,1.48,11.2,2122,132,6,2122,2122
2022-04-14,Spain,0.67,5.78,1680,116,6,1680,1676
2022-04-15,Armenia,1.58,10.38,1919,152,19,1919,1919
2022-04-16,Benin,1.05,5.56,1885,189,3,1885,1885
2022-04-17,Sweden,0.53,2.56,1748,208,2,1748,1743
2022-04-18,Libya,0.78,5.59,1819,139,3,1819,1819
2022-04-19,Tanzania,0.42,2.51,1521,167,2,1521,1519
2022-04-20,Cameroon,0.78,2.14,1889,367,1,1889,1878
2022-04-21,Pakistan,1.23,4.99,2271,247,7,2271,2266
2022-04-22,Congo - Brazzaville,0.77,3.31,2089,234,6,2089,2076
2022-04-23,Czechia,1.44,6.09,2781,236,10,2781,2780
2022-04-24,Gabon,1.16,5.97,1899,195,1,1899,1898
2022-04-25,Guinea,1.41,6.56,2789,215,10,2789,2773
2022-04-26,Barbados,1.16,9.17,1534,127,10,1534,1531
2022-04-27,Congo - Kinshasa,1.31,8.64,2931,152,5,2931,2825
2022-04-28,Jordan,2.3,14.66,1790,157,13,1790,1787
2022-04-29,Mauritius,1.45,9.05,1853,160,11,1853,1851
2022-04-30,Ukraine,1.18,4.95,1967,238,7,1967,1942
2022-05-01,Vietnam,0.91,3.99,1959,229,5,1959,1940
2022-05-02,Ethiopia,0.98,2.98,3735,327,7,3735,3728
2022-05-03,Liberia,1.85,5.45,2132,340,14,2132,2107
2022-05-04,United States,2.14,7.3,2131,293,9,2131,2112
2022-05-05,Nigeria,2.76,8.69,2333,318,14,2333,2326
2022-05-06,United Kingdom,1.5,8.32,1567,180,5,1567,1562
2022-05-07,New Zealand,1.64,7.78,2292,211,17,2292,2280
2022-05-08,France,0.85,3.74,2230,228,4,2230,2212
2022-05-09,United Arab Emirates,1.36,6.93,2453,196,10,2453,2439
2022-05-10,Türkiye,1.53,6.44,2158,238,13,2158,2105
2022-05-11,Canada,1.3,6.81,1738,191,9,1738,1722
2022-05-12,Italy,1.16,10.12,2502,115,25,2502,2449
2022-05-13,Germany,2.55,9.65,2243,264,22,2243,2186
2022-05-14,India,1.08,5.53,1752,196,16,1752,1721
2022-05-15,Ghana,1.06,4.75,1721,224,6,1721,1717
2022-05-16,Austria,1.41,7.17,3526,197,12,3526,3492
2022-05-17,Philippines,1.26,5,1909,251,5,1909,1877
2022-05-18,Saudi Arabia,1.39,7.04,2438,197,8,2438,2396
2022-05-19,Poland,1.3,7.26,1696,179,4,1696,1684
2022-05-20,South Africa,1.09,5.93,3343,184,9,3343,2413
2022-05-21,Ireland,0.8,5.69,1944,141,4,1944,1935
2022-05-22,Kenya,1.32,8.54,3461,154,11,3461,3459
2022-05-23,Australia,1.15,7.49,2004,154,11,2004,2004
2022-05-24,Brazil,1.57,6.35,2503,248,10,2503,2475
2022-05-25,South Korea,1.21,5.45,2586,221,11,2586,2579
2022-05-26,Cyprus,1.09,5.32,2021,205,5,2021,1984
2022-05-27,Zambia,0.85,4.16,2180,204,3,2180,2170
2022-05-28,US Virgin Islands,2.34,9.85,2593,238,16,2593,2577
2022-05-29,Mexico,1.02,5.25,2317,194,5,2317,2314
2022-05-30,Côte d’Ivoire,1.57,7.75,2068,203,9,2068,2055
2022-05-31,Argentina,0.93,2.95,2034,315,5,2034,2021
2022-06-01,Senegal,1.5,5.24,2129,287,9,2129,2125
2022-06-02,Thailand,1.98,8.02,2099,247,11,2099,2074
2022-06-03,Algeria,1.34,4.63,2976,290,5,2976,2963
2022-06-04,Chile,1.22,4.68,2441,260,10,2441,2423
2022-06-05,Togo,1.66,6.17,2785,269,15,2785,2744
2022-06-06,Hungary,1.54,4.78,2002,323,7,2002,1959
2022-06-07,Fiji,2.49,12.09,3507,206,4,3507,3497
2022-06-08,Bangladesh,1.08,4.79,1841,225,10,1841,1837
2022-06-09,China,0.83,3.88,2204,215,10,2204,2168
2022-06-10,Unknown Region,1.54,4.17,2608,369,5,2608,2596
2022-06-11,Finland,1.25,4.16,2097,301,14,2097,2084
2022-06-12,Puerto Rico,0.94,4.51,1911,209,10,1911,1886
2022-06-13,Uganda,0.74,2.81,2164,262,5,2164,2156
2022-06-14,Spain,0.81,2.9,1925,279,13,1925,1881
2022-06-15,Armenia,1.05,5.14,1890,205,15,1890,1858
2022-06-16,Benin,0.78,3.22,3946,242,4,3946,2306
2022-06-17,Sweden,1.29,5.54,2191,233,7,2191,2187
2022-06-18,Libya,1.72,7.88,2338,218,6,2338,2327
2022-06-19,Tanzania,1.66,8.56,3092,194,4,3092,3092
2022-06-20,Cameroon,1.06,4.85,1648,219,4,1648,1642
2022-06-21,Pakistan,1.29,5.85,2376,220,4,2376,2363
2022-06-22,Congo - Brazzaville,1.07,3.61,1955,295,3,1955,1955
2022-06-23,Czechia,0.84,3.62,2334,231,3,2334,2331
2022-06-24,Gabon,2.21,8.33,2285,265,9,2285,2285
2022-06-25,Guinea,1.4,5.26,2718,266,7,2718,2709
2022-06-26,Barbados,1.86,7.13,2081,261,6,2081,2081
2022-06-27,Congo - Kinshasa,1.14,3.31,2828,343,46,2828,2821
2022-06-28,Jordan,1.1,4.6,1918,240,5,1918,1916
2022-06-29,Mauritius,1.42,5.24,2310,270,8,2310,2310
2022-06-30,Ukraine,1.37,7.55,2676,181,5,2676,2670
2022-07-01,Vietnam,0.93,3.1,3350,301,12,3350,3339
2022-07-02,Ethiopia,0.95,3.92,2749,241,5,2749,2741
2022-07-03,Liberia,1.19,4.94,2089,240,12,2089,2088
2022-07-04,United States,1.84,8.98,2622,205,3,2622,2609
2022-07-05,Nigeria,1.48,5.53,2037,268,3,2037,2029
2022-07-06,United Kingdom,2.41,7.38,2712,327,6,2712,2699
2022-07-07,New Zealand,2.2,6.87,2457,320,6,2457,2448
2022-07-08,France,1.74,3.61,2906,483,12,2906,2895
2022-07-09,United Arab Emirates,2.8,7.89,2896,355,15,2896,2883
2022-07-10,Türkiye,1.78,3.84,3151,463,8,3151,3146
2022-07-11,Canada,1.49,3.91,3547,381,4,3547,3539
2022-07-12,Italy,1.01,3.52,2988,288,4,2988,2645
2022-07-13,Germany,2.43,8.34,2695,292,10,2695,2638
2022-07-14,India,1.93,5.53,3025,348,8,3025,2857
2022-07-15,Ghana,2.39,8.05,2490,297,16,2490,2490
2022-07-16,Austria,1.55,4.66,2952,333,4,2952,2851
2022-07-17,Philippines,1.96,9.11,2522,215,2,2522,2153
2022-07-18,Saudi Arabia,2.3,11.98,2638,192,8,2638,2636
2022-07-19,Poland,2.11,6.4,4436,329,8,4436,4424
2022-07-20,South Africa,2.29,8.3,2507,276,12,2507,2506
2022-07-21,Ireland,2,6.91,3428,289,14,3428,2929
2022-07-22,Kenya,2.35,6.23,2643,377,15,2643,2638
2022-07-23,Australia,1.4,5.48,3848,255,18,3848,3681
2022-07-24,Brazil,2.03,7.54,2615,269,12,2615,2514
2022-07-25,South Korea,2.77,8.79,2884,315,19,2884,2883
2022-07-26,Cyprus,1.77,5.67,2801,313,12,2801,2796
2022-07-27,Zambia,1.51,6.1,3502,248,7,3502,2780
2022-07-28,US Virgin Islands,2.02,7.6,3069,265,30,3069,3055
2022-07-29,Mexico,2.6,6.17,3720,421,10,3720,3424
2022-07-30,Côte d’Ivoire,2.22,6.18,2689,360,20,2689,2496
2022-07-31,Argentina,1.24,3.55,2579,349,8,2579,2570
2022-08-01,Senegal,2.12,4.59,2631,462,17,2631,2618
2022-08-02,Thailand,2.02,5.87,3358,345,24,3358,3336
2022-08-03,Algeria,2.09,5.52,2676,379,16,2676,2617
2022-08-04,Chile,2.16,8.8,2686,245,14,2686,2659
2022-08-05,Togo,1.76,7.03,2832,250,12,2832,2818
2022-08-06,Hungary,1.98,10.59,2513,187,16,2513,2513
2022-08-07,Fiji,1.52,4.34,4077,351,19,4077,3157
2022-08-08,Bangladesh,2.01,5.36,3039,375,8,3039,3031
2022-08-09,China,1.7,5.51,6064,308,10,6064,3343
2022-08-10,Unknown Region,1.69,5.98,3173,282,22,3173,2878
2022-08-11,Finland,1.33,6.49,2722,205,23,2722,2524
2022-08-12,Puerto Rico,1.2,3.74,2889,320,9,2889,2882
2022-08-13,Uganda,1.86,6.42,2370,290,28,2370,2353
2022-08-14,Spain,1.08,6.09,3071,178,5,3071,3058
2022-08-15,Armenia,1.4,6.21,2789,226,12,2789,2693
2022-08-16,Benin,1.5,4.97,2313,302,17,2313,2268
2022-08-17,Sweden,1.16,3.21,2473,361,13,2473,2468
2022-08-18,Libya,0.72,2.68,2144,270,3,2144,2074
2022-08-19,Tanzania,1.31,4.68,2151,281,14,2151,2131
2022-08-20,Cameroon,1.35,6.61,2493,204,15,2493,2428
2022-08-21,Pakistan,1.62,5.65,2268,286,7,2268,2261
2022-08-22,Congo - Brazzaville,3.25,11.29,12749,288,60,12749,2415
2022-08-23,Czechia,2,7.37,2417,272,3,2417,2415
2022-08-24,Gabon,2.06,6.25,2523,329,14,2523,2511
2022-08-25,Guinea,1.32,4.54,3128,291,19,3128,3127
2022-08-26,Barbados,1.36,5.22,2884,260,9,2884,2880
2022-08-27,Congo - Kinshasa,1.5,5.32,2294,281,5,2294,2291
2022-08-28,Jordan,1.67,4.67,2827,357,17,2827,2786
2022-08-29,Mauritius,1.64,6.57,2480,250,5,2480,2452
2022-08-30,Ukraine,3.11,6.19,3734,503,19,3734,3729
2022-08-31,Vietnam,2.53,7.2,4260,351,12,4260,3736
2022-09-01,Ethiopia,2.58,9.37,2752,275,9,2752,2616
2022-09-02,Liberia,0.88,3.14,2258,281,8,2258,2258
2022-09-03,United States,2.59,9.56,2114,271,9,2114,2111
2022-09-04,Nigeria,1.74,4.77,2800,365,29,2800,2786
2022-09-05,United Kingdom,3.06,7.03,3008,435,13,3008,2964
2022-09-06,New Zealand,1.51,4.8,2551,314,8,2551,2450
2022-09-07,France,2.55,7.6,3437,335,14,3437,3242
2022-09-08,United Arab Emirates,1.73,5.66,2815,305,8,2815,2773
2022-09-09,Türkiye,1.98,5.06,3187,391,10,3187,3043
2022-09-10,Canada,1.69,5.19,2775,326,1,2775,2376
2022-09-11,Italy,1,3.06,3537,327,4,3537,3528
2022-09-12,Germany,2.53,5.15,3502,491,14,3502,3036
2022-09-13,India,1.32,5.6,6292,236,12,6292,3755
2022-09-14,Ghana,1.59,5.51,4250,289,3,4250,3016
2022-09-15,Austria,1.82,4.46,2780,408,5,2780,2635
2022-09-16,Philippines,1.87,5.52,3899,339,10,3899,3128
2022-09-17,Saudi Arabia,0.98,3.86,2538,254,12,2538,2525
2022-09-18,Poland,1.64,6.51,2383,252,11,2383,2349
2022-09-19,South Africa,1.66,6.03,2561,276,12,2561,2486
2022-09-20,Ireland,2.51,6.83,2592,368,15,2592,2589
2022-09-21,Kenya,1.86,4.6,2907,404,15,2907,2749
2022-09-22,Australia,1.47,6.33,2548,233,13,2548,2539
2022-09-23,Brazil,3.35,14.07,2425,238,7,2425,2392
2022-09-24,South Korea,1.16,4.17,3009,277,12,3009,2835
2022-09-25,Cyprus,3.38,10.34,2470,327,14,2470,2415
2022-09-26,Zambia,2.74,9.9,2360,277,20,2360,2343
2022-09-27,US Virgin Islands,2.32,9.4,4909,247,8,4909,4907
2022-09-28,Mexico,3.32,8.18,3073,406,10,3073,3039
2022-09-29,Côte d’Ivoire,2.74,9.06,2877,303,17,2877,2840
2022-09-30,Argentina,2.61,9.08,4694,287,8,4694,2262
2022-10-01,Senegal,2.81,11.58,3961,243,17,3961,2533
2022-10-02,Thailand,2.6,10.33,3123,252,7,3123,2738
2022-10-03,Algeria,3.06,9.06,2719,338,27,2719,2559
2022-10-04,Chile,2.52,7.63,2881,330,21,2881,2188
2022-10-05,Togo,2.15,6.48,2488,332,18,2488,2359
2022-10-06,Hungary,2.17,8.04,2287,270,9,2287,2212
2022-10-07,Fiji,1.75,7.56,2807,232,12,2807,2663
2022-10-08,Bangladesh,1.31,6.35,2255,206,8,2255,2188
2022-10-09,China,2.06,9.85,2385,209,12,2385,2271
2022-10-10,Unknown Region,2.04,7.08,3583,288,26,3583,3052
2022-10-11,Finland,4.28,9.54,2751,449,13,2751,2537
2022-10-12,Puerto Rico,2.52,6.78,3189,371,10,3189,2276
2022-10-13,Uganda,1.31,5.87,2200,223,7,2200,2133
2022-10-14,Spain,1.35,4.94,2544,274,4,2544,2471
2022-10-15,Armenia,2.18,7.83,2387,278,15,2387,2334
2022-10-16,Benin,1.75,4.94,2932,354,11,2932,2725
2022-10-17,Sweden,1.52,4.96,2611,307,6,2611,2340
2022-10-18,Libya,2.38,5.73,3228,416,24,3228,2177
2022-10-19,Tanzania,2.53,11.31,2430,224,12,2430,2395
2022-10-20,Cameroon,0.93,5.26,2093,177,0,2093,2064
2022-10-21,Pakistan,1.64,6.03,1979,272,13,1979,1833
2022-10-22,Congo - Brazzaville,1.73,7,6593,247,31,6593,2214
2022-10-23,Czechia,2.41,7.4,3950,326,23,3950,3644
2022-10-24,Gabon,1.51,5.82,4524,259,9,4524,2288
2022-10-25,Guinea,1.56,7.51,4806,208,4,4806,1927
2022-10-26,Barbados,2.17,8.1,3732,268,11,3732,2073
2022-10-27,Congo - Kinshasa,1.44,5.77,3075,249,16,3075,2324
2022-10-28,Jordan,1.33,3.73,2335,357,14,2335,2205
2022-10-29,Mauritius,2.41,8.3,5323,290,9,5323,1997
2022-10-30,Ukraine,1.8,5.34,2933,338,17,2933,2308
2022-10-31,Vietnam,1.41,5.15,2333,273,6,2333,2320
2022-11-01,Ethiopia,2.44,10,1996,244,17,1996,1962
2022-11-02,Liberia,1.7,7.67,3279,222,12,3279,2157
2022-11-03,United States,2.04,9.35,1999,218,7,1999,1894
2022-11-04,Nigeria,1.33,6.31,4474,210,17,4474,2097
2022-11-05,United Kingdom,1.28,6.22,2168,206,11,2168,2014
2022-11-06,New Zealand,1.5,7.82,2766,192,6,2766,2467
2022-11-07,France,1.74,5.45,2360,319,3,2360,2329
2022-11-08,United Arab Emirates,1.77,7.09,3432,249,8,3432,2411
2022-11-09,Türkiye,2.19,7.61,2998,288,13,2998,2311
2022-11-10,Canada,2.11,6.82,4233,309,6,4233,3232
2022-11-11,Italy,2.04,6.48,4764,315,6,4764,3231
2022-11-12,Germany,1.76,6.3,5313,279,10,5313,2219
2022-11-13,India,1.81,8.82,4132,205,7,4132,2182
2022-11-14,Ghana,2.06,10.4,4537,198,13,4537,2064
2022-11-15,Austria,1.36,6.57,7027,207,5,7027,2722
2022-11-16,Philippines,1.13,5.31,3384,212,6,3384,1882
2022-11-17,Saudi Arabia,1.48,9.63,3182,154,10,3182,2410
2022-11-18,Poland,3.4,12.47,4289,273,8,4289,2448
2022-11-19,South Africa,2.13,7.4,2689,288,27,2689,2041
2022-11-20,Ireland,2.29,9.23,5345,248,56,5345,2415
2022-11-21,Kenya,2.26,13.52,3162,167,16,3162,2206
2022-11-22,Australia,2.43,10.14,3228,240,9,3228,2226
2022-11-23,Brazil,1.07,8.74,2304,122,2,2304,1911
2022-11-24,South Korea,1.74,8.62,2645,202,9,2645,2019
2022-11-25,Cyprus,2.97,14.26,3760,208,14,3760,3042
2022-11-26,Zambia,3.32,9.53,2439,349,8,2439,2325
2022-11-27,US Virgin Islands,1.52,5.73,2688,266,5,2688,1886
2022-11-28,Mexico,1.22,5.97,2824,205,9,2824,1760
2022-11-29,Côte d’Ivoire,2.48,12.36,1960,201,8,1960,1928
2022-11-30,Argentina,2.89,12.4,15939,233,16,15939,2160
2022-12-01,Senegal,2.74,15.06,2460,182,6,2460,2060
2022-12-02,Thailand,1.5,12.97,3174,116,17,3174,1603
2022-12-03,Algeria,4.1,17.39,2931,236,18,2931,2092
2022-12-04,Chile,1.58,8.53,2347,185,17,2347,1979
2022-12-05,Togo,1.58,8.84,2343,179,13,2343,1714
2022-12-06,Hungary,1.74,7.56,3827,230,14,3827,1948
2022-12-07,Fiji,1.24,4.83,3221,257,7,3221,1863
2022-12-08,Bangladesh,1.61,7.92,3613,203,19,3613,2049
2022-12-09,China,1.68,11.07,2067,152,6,2067,1774
2022-12-10,Unknown Region,1.8,10.26,2340,175,8,2340,2274
2022-12-11,Finland,1.12,11.22,2273,100,7,2273,1757
2022-12-12,Puerto Rico,2,10.82,2176,185,7,2176,1836
2022-12-13,Uganda,1.79,12.77,4727,140,8,4727,1815
2022-12-14,Spain,1.34,8.92,2946,150,5,2946,2194
2022-12-15,Armenia,3.29,20.21,2112,163,18,2112,1813
2022-12-16,Benin,1.22,9.73,3345,125,8,3345,1704
2022-12-17,Sweden,1.57,7.22,7610,218,7,7610,3069
2022-12-18,Libya,1.8,7.73,4299,233,23,4299,2167
2022-12-19,Tanzania,2.24,13.34,2781,168,9,2781,2352
2022-12-20,Cameroon,1.76,8.3,3226,212,7,3226,2389
2022-12-21,Pakistan,1.58,9.28,2352,170,7,2352,2159
2022-12-22,Congo - Brazzaville,2.27,15.89,2802,143,17,2802,1931
2022-12-23,Czechia,2.35,16.31,2206,144,21,2206,1647
2022-12-24,Gabon,1.14,11.27,2255,101,6,2255,1568
2022-12-25,Guinea,1.34,7.63,3215,176,9,3215,2259
2022-12-26,Barbados,1.43,6.2,3164,230,5,3164,2525
2022-12-27,Congo - Kinshasa,2.13,8.42,6922,253,16,6922,2190
2022-12-28,Jordan,2.56,11.29,2886,227,11,2886,2475
2022-12-29,Mauritius,2.09,9.45,2283,221,17,2283,2130
2022-12-30,Ukraine,1.8,9.7,5838,186,15,5838,1957
2022-12-31,Vietnam,1.19,7.65,3513,155,6,3513,1893
2023-01-01,Ethiopia,0.99,6.85,2982,145,16,2982,2325
2023-01-02,Liberia,1.88,5.96,6888,316,6,6888,2284
2023-01-03,United States,2.9,11.64,10384,249,9,10384,2446
2023-01-04,Nigeria,1.41,8.17,2745,173,11,2745,1855
2023-01-05,United Kingdom,1.53,7.27,2876,210,7,2876,2216
2023-01-06,New Zealand,1.28,6.58,2358,194,8,2358,1636
2023-01-07,France,1.36,7.17,4679,190,19,4679,1683
2023-01-08,United Arab Emirates,1.19,4.27,6067,278,5,6067,1649
2023-01-09,Türkiye,1.61,8.35,5501,193,0,5501,1827
2023-01-10,Canada,1.75,6.52,4667,269,7,4667,1773
2023-01-11,Italy,1.88,8.92,3988,211,6,3988,1719
2023-01-12,Germany,1.74,9.76,8958,178,11,8958,1790
2023-01-13,India,2.55,12.5,10784,204,20,10784,1840
2023-01-14,Ghana,1.66,7.42,8163,224,15,8163,1878
2023-01-15,Austria,1.59,7.66,5956,208,6,5956,1518
2023-01-16,Philippines,1.57,10.34,6941,152,6,6941,1423
2023-01-17,Saudi Arabia,1.36,9.56,6421,142,4,6421,1263
2023-01-18,Poland,1.16,7.6,9103,152,0,9103,1388
2023-01-19,South Africa,1.18,4.49,7625,263,12,7625,1653
2023-01-20,Ireland,1.52,8.92,7863,170,7,7863,1585
2023-01-21,Kenya,0.78,5.37,8121,146,4,8121,1294
2023-01-22,Australia,1.47,7.82,5192,188,3,5192,1585
2023-01-23,Brazil,2.41,13,3991,185,5,3991,1533
2023-01-24,South Korea,0.89,6.93,2496,129,6,2496,2085
2023-01-25,Cyprus,0.98,6.88,6482,143,1,6482,1251
2023-01-26,Zambia,0.84,5,8487,168,5,8487,1277
2023-01-27,US Virgin Islands,1.06,8.33,6345,127,2,6345,1534
2023-01-28,Mexico,2.14,14.19,2666,151,10,2666,1668
2023-01-29,Côte d’Ivoire,1.59,13.39,5888,119,3,5888,2195
2023-01-30,Argentina,1.54,10.8,3753,143,7,3753,1800
2023-01-31,Senegal,1.38,12.22,1799,113,5,1799,1707
2023-02-01,Thailand,0.8,6.14,1474,131,5,1474,1125
2023-02-02,Algeria,1.06,6.27,4618,169,6,4618,1165
2023-02-03,Chile,0.92,3.95,1836,232,5,1836,1490
2023-02-04,Togo,1.05,10.44,2073,101,4,2073,1335
2023-02-05,Hungary,0.86,5.15,2534,168,4,2534,1355
2023-02-06,Fiji,1.75,13.71,1939,128,5,1939,1389
2023-02-07,Bangladesh,0.76,6.22,1604,122,1,1604,1303
2023-02-08,China,2.98,17.97,3050,166,5,3050,1341
2023-02-09,Unknown Region,1.39,6.43,2009,216,6,2009,1544
2023-02-10,Finland,0.91,4.96,1608,184,3,1608,1411
2023-02-11,Puerto Rico,1.04,9.77,1393,106,6,1393,1169
2023-02-12,Uganda,1.65,11.64,1468,142,3,1468,1204
2023-02-13,Spain,1.01,7.51,1916,135,3,1916,1358
2023-02-14,Armenia,1.15,15.08,4070,76,1,4070,2663
2023-02-15,Benin,0.79,5.9,975,134,0,975,890
2023-02-16,Sweden,0.77,4.59,1500,167,1,1500,1311
2023-02-17,Libya,1.11,10.76,1680,103,3,1680,956
2023-02-18,Tanzania,0.78,10.46,2745,75,4,2745,1976
2023-02-19,Cameroon,0.8,5.08,2137,158,6,2137,1188
2023-02-20,Pakistan,0.9,6.2,3060,145,3,3060,1204
2023-02-21,Congo - Brazzaville,1.23,9.75,1963,126,5,1963,1630
2023-02-22,Czechia,1.16,8.89,2430,131,10,2430,1398
2023-02-23,Gabon,1.22,5.56,2409,220,10,2409,1504
2023-02-24,Guinea,0.67,4.59,2042,145,7,2042,1212
2023-02-25,Barbados,1.19,3.76,7213,315,14,7213,1582
2023-02-26,Congo - Kinshasa,0.85,6.51,2022,131,13,2022,1337
2023-02-27,Jordan,0.64,3.89,3589,164,1,3589,1530
2023-02-28,Mauritius,1.13,5.36,2093,210,2,2093,1429
2023-03-01,Ukraine,1.34,6.91,3719,194,8,3719,1276
2023-03-02,Vietnam,1.36,10.74,1689,127,24,1689,1333
2023-03-03,Ethiopia,1.22,8.94,2674,136,6,2674,1169
2023-03-04,Liberia,0.82,7.25,1441,113,6,1441,1299
2023-03-05,United States,1.88,8.78,1582,214,12,1582,1404
2023-03-06,Nigeria,2.12,14.41,2190,147,15,2190,1864
2023-03-07,United Kingdom,1.89,13.4,2777,141,8,2777,2016
2023-03-08,New Zealand,2.06,14.92,2651,138,11,2651,1345
2023-03-09,France,1.56,9.34,3330,167,9,3330,1471
2023-03-10,United Arab Emirates,0.86,6.49,2013,132,6,2013,1273
2023-03-11,Türkiye,1.45,5.44,1437,266,6,1437,1310
2023-03-12,Canada,1.04,6.47,1475,161,4,1475,1364
2023-03-13,Italy,1.47,10.65,2230,138,2,2230,1902
2023-03-14,Germany,1.11,7.93,1897,140,7,1897,1171
2023-03-15,India,1.23,7.14,1701,172,3,1701,1646
2023-03-16,Ghana,1.47,11.45,1402,128,3,1402,1166
2023-03-17,Austria,1.05,7.7,1509,137,2,1509,1264
2023-03-18,Philippines,1.91,9.66,3999,198,10,3999,1271
2023-03-19,Saudi Arabia,1.41,9.19,1834,153,14,1834,1328
2023-03-20,Poland,1.34,6.65,3005,201,22,3005,1552
2023-03-21,South Africa,1.74,10.25,3561,170,12,3561,1420
2023-03-22,Ireland,1.34,11.64,2472,115,6,2472,1087
2023-03-23,Kenya,1.96,9.8,11020,200,8,11020,1414
2023-03-24,Australia,1.75,11.89,1903,147,6,1903,1403
2023-03-25,Brazil,1.76,7.78,2176,226,20,2176,1694
2023-03-26,South Korea,1.35,8.01,1541,169,11,1541,1515
2023-03-27,Cyprus,1.9,10.98,3986,173,11,3986,1490
2023-03-28,Zambia,1.83,7.85,1587,233,7,1587,1577
2023-03-29,US Virgin Islands,2.52,10.41,8634,242,11,8634,1508
2023-03-30,Mexico,2.19,14.77,3449,148,7,3449,1353
2023-03-31,Côte d’Ivoire,2.77,14.89,6184,186,5,6184,1483
2023-04-01,Argentina,1.69,10.54,2444,160,22,2444,1524
2023-04-02,Senegal,1.53,8.48,2003,180,3,2003,1473
2023-04-03,Thailand,1.57,7.12,2616,220,8,2616,1932
2023-04-04,Algeria,2.51,10.23,6174,245,10,6174,1651
2023-04-05,Chile,6.13,40.07,3932,153,17,3932,1355
2023-04-06,Togo,2.38,9.98,10997,238,4,10997,1535
2023-04-07,Hungary,1.82,10.21,4478,178,8,4478,1309
2023-04-08,Fiji,1.13,5.13,5576,221,7,5576,1372
2023-04-09,Bangladesh,1.01,6.67,2704,152,18,2704,1271
2023-04-10,China,1.4,8.85,6254,158,3,6254,1549
2023-04-11,Unknown Region,1.31,10.99,8468,119,2,8468,1303
2023-04-12,Finland,1.23,8.19,7639,150,5,7639,2623
2023-04-13,Puerto Rico,1.73,11.25,5745,154,7,5745,1152
2023-04-14,Uganda,1.21,8.2,5726,148,4,5726,1327
2023-04-15,Spain,1.17,11.29,7581,104,19,7581,1251
2023-04-16,Armenia,1.49,11.24,3929,133,3,3929,1300
2023-04-17,Benin,0.83,4.69,2691,176,4,2691,1184
2023-04-18,Sweden,1.1,8.09,2529,136,5,2529,2165
2023-04-19,Libya,1.22,13.86,1481,88,2,1481,1263
2023-04-20,Tanzania,1.05,11.08,1948,95,25,1948,1292
2023-04-21,Cameroon,1.22,6.03,8379,203,12,8379,3346
2023-04-22,Pakistan,1,4.66,6129,215,3,6129,1092
2023-04-23,Congo - Brazzaville,1.26,12.45,3924,101,12,3924,1348
2023-04-24,Czechia,1.31,15.95,7768,82,8,7768,1039
2023-04-25,Gabon,1.34,30.5,4695,44,3,4695,775
2023-04-26,Guinea,0.89,5.07,8767,175,11,8767,1165
2023-04-27,Barbados,1.08,9.91,3802,109,4,3802,949
2023-04-28,Congo - Kinshasa,2.79,23.65,6999,118,22,6999,1086
2023-04-29,Jordan,3.03,22.94,9313,132,11,9313,1207
2023-04-30,Mauritius,2.1,10.16,3366,207,8,3366,1249
2023-05-01,Ukraine,2.76,17.14,3006,161,14,3006,1014
2023-05-02,Vietnam,1.38,11.76,1537,117,5,1537,982
2023-05-03,Ethiopia,1.35,7.52,2947,180,6,2947,1069
2023-05-04,Liberia,1.31,7.68,3399,171,9,3399,1132
2023-05-05,United States,1.92,14.91,1882,129,12,1882,1063
2023-05-06,Nigeria,1.92,17.33,4686,111,17,4686,1017
2023-05-07,United Kingdom,1.75,11.56,1578,151,1,1578,1151
2023-05-08,New Zealand,1.2,13.08,1837,92,5,1837,1032
2023-05-09,France,1.06,15.07,1286,70,4,1286,1129
2023-05-10,United Arab Emirates,2.64,26.67,2330,99,10,2330,1989
2023-05-11,Türkiye,1.31,15.35,1133,85,4,1133,1002
2023-05-12,Canada,0.88,6.66,3854,132,6,3854,1169
2023-05-13,Italy,0.89,6,2130,149,4,2130,1349
2023-05-14,Germany,1.55,5.77,2360,268,20,2360,1394
2023-05-15,India,3.11,22.41,2871,139,5,2871,1254
2023-05-16,Ghana,1.77,17.22,1524,103,11,1524,1146
2023-05-17,Austria,1.73,11.72,4833,148,27,4833,1342
2023-05-18,Philippines,1.02,4.41,2291,232,7,2291,1405
2023-05-19,Saudi Arabia,0.64,3.49,2233,184,9,2233,1693
2023-05-20,Poland,1.31,6.66,1850,196,12,1850,1445
2023-05-21,South Africa,1.18,8.32,2751,142,24,2751,1578
2023-05-22,Ireland,1.65,17.78,1449,93,13,1449,1218
2023-05-23,Kenya,2.16,11.41,5308,189,10,5308,1553
2023-05-24,Australia,1.03,10.16,1680,101,6,1680,1188
2023-05-25,Brazil,1.75,13.19,1448,133,10,1448,1222
2023-05-26,South Korea,1.51,9.29,2498,162,19,2498,1330
2023-05-27,Cyprus,1.68,8.5,1489,198,10,1489,1471
2023-05-28,Zambia,1.51,6.16,1524,246,16,1524,1481
2023-05-29,US Virgin Islands,2.53,13.25,5318,191,10,5318,2912
2023-05-30,Mexico,2.14,11.59,1514,185,7,1514,1328
2023-05-31,Côte d’Ivoire,1.16,8.44,1374,137,9,1374,1246
2023-06-01,Argentina,0.88,9.3,1086,95,1,1086,1065
2023-06-02,Senegal,1.27,7.41,1644,172,6,1644,1357
2023-06-03,Thailand,1.95,14.37,2196,136,4,2196,1214
2023-06-04,Algeria,1.54,8.83,2509,174,8,2509,1592
2023-06-05,Chile,2.18,12.39,1858,176,19,1858,1461
2023-06-06,Togo,1.76,15.83,1761,111,11,1761,1471
2023-06-07,Hungary,2.26,15.94,1261,142,4,1261,1179
2023-06-08,Fiji,1.87,16.42,3911,114,7,3911,1242
2023-06-09,Bangladesh,2.5,16.1,1843,155,16,1843,1550
2023-06-10,China,1.87,10.04,1244,186,15,1244,1244
2023-06-11,Unknown Region,2.77,18.32,1682,151,2,1682,1632
2023-06-12,Finland,1.51,9.14,1480,165,7,1480,1208
2023-06-13,Puerto Rico,2.15,14.06,1534,153,20,1534,1391
2023-06-14,Uganda,7.09,31.64,1679,224,10,1679,1668
2023-06-15,Spain,4.54,17.46,2045,260,4,2045,1752
2023-06-16,Armenia,4.2,19.44,1681,216,13,1681,1599
2023-06-17,Benin,2.07,7.34,1838,282,8,1838,1573
2023-06-18,Sweden,24.66,50.85,3472,485,11,3472,3055
2023-06-19,Libya,73.88,87.13,6777,848,40,6777,6519
2023-06-20,Tanzania,71.24,90.75,6036,785,37,6036,5740
2023-06-21,Cameroon,49.4,111.75,3518,442,7,3518,3497
2023-06-22,Pakistan,38.11,78.09,3543,488,20,3543,3463
2023-06-23,Congo - Brazzaville,25.89,68.31,3799,379,9,3799,3743
2023-06-24,Czechia,25.94,60.05,3000,432,18,3000,2868
2023-06-25,Gabon,16.42,54.92,2553,299,9,2553,2530
2023-06-26,Guinea,10.71,37.19,2817,288,15,2817,2512
2023-06-27,Barbados,10.58,40.53,2723,261,3,2723,2647
2023-06-28,Congo - Kinshasa,14.78,52.59,2767,281,5,2767,2540
2023-06-29,Jordan,12.87,39.6,2972,325,9,2972,2416
2023-06-30,Mauritius,12.4,56.34,2485,220,5,2485,2082
2023-07-01,Ukraine,13.25,39.09,3391,339,15,3391,2517
2023-07-02,Vietnam,12,33.7,4446,356,16,4446,2430
2023-07-03,Ethiopia,13.16,40.75,7552,323,13,7552,2859
2023-07-04,Liberia,16.57,51.48,8914,322,14,8914,2552
2023-07-05,United States,13.18,56.83,6565,232,17,6565,2333
2023-07-06,Nigeria,10.38,33.48,4431,310,7,4431,2882
2023-07-07,United Kingdom,7.01,25.22,4257,278,16,4257,1960
2023-07-08,New Zealand,12.25,55.42,4632,221,13,4632,2032
2023-07-09,France,13.22,64.5,6121,205,7,6121,2326
2023-07-10,United Arab Emirates,8.72,47.14,4778,185,11,4778,1830
2023-07-11,Türkiye,11.51,48.97,12674,235,14,12674,3816
2023-07-12,Canada,11.78,61.02,9887,193,6,9887,1951
2023-07-13,Italy,6.91,37.78,6105,183,15,6105,1771
2023-07-14,Germany,5.6,44.42,4620,126,7,4620,1541
2023-07-15,India,4.79,30.92,6558,155,6,6558,1580
2023-07-16,Ghana,8.2,45.79,3958,179,5,3958,1784
2023-07-17,Austria,4.63,35.32,4493,131,3,4493,1565
2023-07-18,Philippines,3.33,21.89,4613,152,3,4613,1468
2023-07-19,Saudi Arabia,3.47,30.98,2663,112,9,2663,1394
2023-07-20,Poland,6.4,36.98,6380,173,2,6380,2198
2023-07-21,South Africa,5.9,34.91,4118,169,15,4118,1580
2023-07-22,Ireland,7.46,39.03,4845,191,15,4845,2029
2023-07-23,Kenya,1.67,34.86,637,48,1,637,507